order_id,order_timestamp,customer_id,country,amount,currency,status
ORD-100000,2025-01-12T08:00:00Z,CUST-1148,AU,222.34,AUD,CREATED
ORD-100001,2025-01-12T08:00:40Z,CUST-9540,GB,136.47,GBP,CREATED
ORD-100002,2025-01-12T08:01:20Z,CUST-8407,DE,99.99,EUR,PAID
ORD-100003,2025-01-12T08:02:00Z,CUST-8267,IN,1575.73,INR,PAID
ORD-100004,2025-01-12T08:02:40Z,CUST-4861,AU,230.79,AUD,CANCELLED
ORD-100005,2025-01-12T08:03:20Z,CUST-1223,CA,349.6,CAD,PAID
ORD-100006,2025-01-12T08:04:00Z,CUST-5203,AU,219.82,AUD,CREATED
ORD-100007,2025-01-12T08:04:40Z,CUST-9386,CA,214.3,CAD,PAID
ORD-100008,2025-01-12T08:05:20Z,CUST-3839,AU,204.18,AUD,CANCELLED
ORD-100009,2025-01-12T08:06:00Z,CUST-4981,US,245.97,USD,CREATED
ORD-100010,2025-01-12T08:06:40Z,CUST-2467,AU,47.33,AUD,CREATED
ORD-100011,2025-01-12T08:07:20Z,CUST-6751,CA,266.61,CAD,CREATED
ORD-100012,2025-01-12T08:08:00Z,CUST-2160,GB,395.56,GBP,PAID
ORD-100013,2025-01-12T08:08:40Z,CUST-7677,CA,212.91,CAD,PAID
ORD-100014,2025-01-12T08:09:20Z,CUST-2958,GB,165.7,GBP,PAID
ORD-100015,2025-01-12T08:10:00Z,CUST-3329,AU,82.32,AUD,PAID
ORD-100016,2025-01-12T08:10:40Z,CUST-2853,CA,37.64,CAD,CANCELLED
ORD-100017,2025-01-12T08:11:20Z,CUST-2427,CA,100.62,CAD,PAID
ORD-100018,2025-01-12T08:12:00Z,CUST-6635,IN,1861.68,INR,PAID
ORD-100019,2025-01-12T08:12:40Z,CUST-2086,IN,1611.49,INR,PAID
ORD-100020,2025-01-12T08:13:20Z,CUST-5737,AU,337.36,AUD,PAID
ORD-100021,2025-01-12T08:14:00Z,CUST-4675,US,331.0,USD,PAID
ORD-100022,2025-01-12T08:14:40Z,CUST-5473,DE,146.86,EUR,CREATED
ORD-100023,2025-01-12T08:15:20Z,CUST-3190,AU,191.12,AUD,PAID
ORD-100024,2025-01-12T08:16:00Z,CUST-6808,GB,380.26,GBP,CREATED
ORD-100025,2025-01-12T08:16:40Z,CUST-5752,DE,167.96,EUR,CANCELLED
ORD-100026,2025-01-12T08:17:20Z,CUST-7364,IN,1049.79,INR,PAID
ORD-100027,2025-01-12T08:18:00Z,CUST-9576,GB,398.38,GBP,PAID
ORD-100028,2025-01-12T08:18:40Z,CUST-7226,US,316.07,USD,CREATED
ORD-100029,2025-01-12T08:19:20Z,CUST-8172,CA,299.39,CAD,CREATED
ORD-100030,2025-01-12T08:20:00Z,CUST-9363,US,87.24,USD,PAID
ORD-100031,2025-01-12T08:20:40Z,CUST-2151,GB,81.41,GBP,PAID
ORD-100032,2025-01-12T08:21:20Z,CUST-5017,GB,182.75,GBP,PAID
ORD-100033,2025-01-12T08:22:00Z,CUST-2379,IN,3345.0,INR,CANCELLED
ORD-100034,2025-01-12T08:22:40Z,CUST-8121,US,386.99,USD,PAID
ORD-100035,2025-01-12T08:23:20Z,CUST-4900,AU,211.73,AUD,PAID
ORD-100036,2025-01-12T08:24:00Z,CUST-7068,GB,67.46,GBP,PAID
ORD-100037,2025-01-12T08:24:40Z,CUST-2884,CA,73.05,CAD,CANCELLED
ORD-100038,2025-01-12T08:25:20Z,CUST-2745,US,248.97,USD,CANCELLED
ORD-100039,2025-01-12T08:26:00Z,CUST-7594,CA,82.82,CAD,PAID
ORD-100040,2025-01-12T08:26:40Z,CUST-9976,DE,394.47,EUR,PAID
ORD-100041,2025-01-12T08:27:20Z,CUST-2120,GB,247.77,GBP,PAID
ORD-100042,2025-01-12T08:28:00Z,CUST-9067,DE,360.93,EUR,PAID
ORD-100043,2025-01-12T08:28:40Z,CUST-7955,CA,294.97,CAD,PAID
ORD-100044,2025-01-12T08:29:20Z,CUST-9380,CA,61.32,CAD,PAID
ORD-100045,2025-01-12T08:30:00Z,CUST-5109,CA,268.0,CAD,PAID
ORD-100046,2025-01-12T08:30:40Z,CUST-1010,AU,308.49,AUD,PAID
ORD-100047,2025-01-12T08:31:20Z,CUST-8784,DE,29.44,EUR,PAID
ORD-100048,2025-01-12T08:32:00Z,CUST-5646,US,82.03,USD,PAID
ORD-100049,2025-01-12T08:32:40Z,CUST-3339,GB,22.11,GBP,PAID
ORD-100050,2025-01-12T08:33:20Z,CUST-3269,IN,413.61,INR,PAID
ORD-100051,2025-01-12T08:34:00Z,CUST-7616,IN,2197.92,INR,PAID
ORD-100052,2025-01-12T08:34:40Z,CUST-8230,DE,19.37,EUR,PAID
ORD-100053,2025-01-12T08:35:20Z,CUST-8298,GB,82.5,GBP,PAID
ORD-100054,2025-01-12T08:36:00Z,CUST-9439,GB,102.55,GBP,PAID
ORD-100055,2025-01-12T08:36:40Z,CUST-3856,CA,216.34,CAD,PAID
ORD-100056,2025-01-12T08:37:20Z,CUST-4283,AU,383.74,AUD,PAID
ORD-100057,2025-01-12T08:38:00Z,CUST-9043,IN,1343.68,INR,PAID
ORD-100058,2025-01-12T08:38:40Z,CUST-2212,AU,267.26,AUD,PAID
ORD-100059,2025-01-12T08:39:20Z,CUST-7898,AU,178.96,AUD,PAID
ORD-100060,2025-01-12T08:40:00Z,CUST-5309,DE,379.78,EUR,CANCELLED
ORD-100061,2025-01-12T08:40:40Z,CUST-5106,US,107.32,USD,PAID
ORD-100062,2025-01-12T08:41:20Z,CUST-7658,CA,347.18,CAD,CREATED
ORD-100063,2025-01-12T08:42:00Z,CUST-6671,US,54.12,USD,CREATED
ORD-100064,2025-01-12T08:42:40Z,CUST-4803,GB,291.8,GBP,PAID
ORD-100065,2025-01-12T08:43:20Z,CUST-9344,AU,176.46,AUD,PAID
ORD-100066,2025-01-12T08:44:00Z,CUST-7439,GB,303.08,GBP,PAID
ORD-100067,2025-01-12T08:44:40Z,CUST-1653,DE,308.96,EUR,PAID
ORD-100068,2025-01-12T08:45:20Z,CUST-8582,IN,2194.56,INR,PAID
ORD-100069,2025-01-12T08:46:00Z,CUST-2270,GB,149.11,GBP,CREATED
ORD-100070,2025-01-12T08:46:40Z,CUST-5576,IN,2493.72,INR,PAID
ORD-100071,2025-01-12T08:47:20Z,CUST-3513,GB,148.37,GBP,CANCELLED
ORD-100072,2025-01-12T08:48:00Z,CUST-4601,CA,151.42,CAD,PAID
ORD-100073,2025-01-12T08:48:40Z,CUST-7802,CA,382.5,CAD,PAID
ORD-100074,2025-01-12T08:49:20Z,CUST-2439,US,76.72,USD,PAID
ORD-100075,2025-01-12T08:50:00Z,CUST-9972,DE,54.54,EUR,PAID
ORD-100076,2025-01-12T08:50:40Z,CUST-4233,US,267.33,USD,CREATED
ORD-100077,2025-01-12T08:51:20Z,CUST-5220,DE,161.98,EUR,PAID
ORD-100078,2025-01-12T08:52:00Z,CUST-2564,GB,393.89,GBP,PAID
ORD-100079,2025-01-12T08:52:40Z,CUST-5576,US,168.16,USD,CREATED
ORD-100080,2025-01-12T08:53:20Z,CUST-2663,GB,396.51,GBP,PAID
ORD-100081,2025-01-12T08:54:00Z,CUST-4655,CA,277.35,CAD,PAID
ORD-100082,2025-01-12T08:54:40Z,CUST-1554,CA,259.99,CAD,PAID
ORD-100083,2025-01-12T08:55:20Z,CUST-6201,AU,235.49,AUD,CREATED
ORD-100084,2025-01-12T08:56:00Z,CUST-7673,DE,205.32,EUR,PAID
ORD-100085,2025-01-12T08:56:40Z,CUST-7593,DE,61.91,EUR,PAID
ORD-100086,2025-01-12T08:57:20Z,CUST-8428,DE,256.46,EUR,PAID
ORD-100087,2025-01-12T08:58:00Z,CUST-9794,US,290.89,USD,CANCELLED
ORD-100088,2025-01-12T08:58:40Z,CUST-8652,US,95.93,USD,PAID
ORD-100089,2025-01-12T08:59:20Z,CUST-2909,AU,45.27,AUD,PAID
ORD-100090,2025-01-12T09:00:00Z,CUST-6854,IN,668.02,INR,PAID
ORD-100091,2025-01-12T09:00:40Z,CUST-7070,US,183.18,USD,CREATED
ORD-100092,2025-01-12T09:01:20Z,CUST-1882,IN,1068.92,INR,PAID
ORD-100093,2025-01-12T09:02:00Z,CUST-3668,CA,157.64,CAD,PAID
ORD-100094,2025-01-12T09:02:40Z,CUST-2526,CA,399.98,CAD,CREATED
ORD-100095,2025-01-12T09:03:20Z,CUST-9209,US,347.2,USD,CREATED
ORD-100096,2025-01-12T09:04:00Z,CUST-9282,CA,55.6,CAD,CANCELLED
ORD-100097,2025-01-12T09:04:40Z,CUST-6088,AU,188.44,AUD,PAID
ORD-100098,2025-01-12T09:05:20Z,CUST-5390,DE,26.07,EUR,CANCELLED
ORD-100099,2025-01-12T09:06:00Z,CUST-9945,CA,340.07,CAD,PAID
ORD-100100,2025-01-12T09:06:40Z,CUST-7509,DE,27.09,EUR,CREATED
ORD-100101,2025-01-12T09:07:20Z,CUST-6430,US,168.85,USD,PAID
ORD-100102,2025-01-12T09:08:00Z,CUST-5658,CA,71.96,CAD,PAID
ORD-100103,2025-01-12T09:08:40Z,CUST-6506,CA,183.43,CAD,PAID
ORD-100104,2025-01-12T09:09:20Z,CUST-6920,CA,294.75,CAD,CREATED
ORD-100105,2025-01-12T09:10:00Z,CUST-2273,DE,223.9,EUR,PAID
ORD-100106,2025-01-12T09:10:40Z,CUST-6339,GB,59.86,GBP,CANCELLED
ORD-100107,2025-01-12T09:11:20Z,CUST-6023,IN,2875.11,INR,PAID
ORD-100108,2025-01-12T09:12:00Z,CUST-2553,DE,84.06,EUR,CREATED
ORD-100109,2025-01-12T09:12:40Z,CUST-1710,CA,364.82,CAD,PAID
ORD-100110,2025-01-12T09:13:20Z,CUST-6148,CA,43.33,CAD,PAID
ORD-100111,2025-01-12T09:14:00Z,CUST-9671,AU,222.43,AUD,CANCELLED
ORD-100112,2025-01-12T09:14:40Z,CUST-4284,GB,43.75,GBP,PAID
ORD-100113,2025-01-12T09:15:20Z,CUST-8847,US,112.21,USD,CANCELLED
ORD-100114,2025-01-12T09:16:00Z,CUST-5223,GB,260.83,GBP,PAID
ORD-100115,2025-01-12T09:16:40Z,CUST-5543,AU,38.24,AUD,CREATED
ORD-100116,2025-01-12T09:17:20Z,CUST-8706,GB,359.8,GBP,PAID
ORD-100117,2025-01-12T09:18:00Z,CUST-1130,DE,106.12,EUR,PAID
ORD-100118,2025-01-12T09:18:40Z,CUST-9222,DE,326.49,EUR,PAID
ORD-100119,2025-01-12T09:19:20Z,CUST-3474,AU,17.54,AUD,CANCELLED
ORD-100120,2025-01-12T09:20:00Z,CUST-5473,US,261.56,USD,PAID
ORD-100121,2025-01-12T09:20:40Z,CUST-9893,DE,249.97,EUR,PAID
ORD-100122,2025-01-12T09:21:20Z,CUST-1052,DE,170.65,EUR,PAID
ORD-100123,2025-01-12T09:22:00Z,CUST-7804,DE,170.75,EUR,PAID
ORD-100124,2025-01-12T09:22:40Z,CUST-3265,AU,338.93,AUD,CREATED
ORD-100125,2025-01-12T09:23:20Z,CUST-4599,CA,59.97,CAD,PAID
ORD-100126,2025-01-12T09:24:00Z,CUST-8176,US,41.63,USD,PAID
ORD-100127,2025-01-12T09:24:40Z,CUST-3916,IN,2852.62,INR,PAID
ORD-100128,2025-01-12T09:25:20Z,CUST-3943,IN,2447.33,INR,PAID
ORD-100129,2025-01-12T09:26:00Z,CUST-6576,AU,284.77,AUD,PAID
ORD-100130,2025-01-12T09:26:40Z,CUST-7739,DE,290.23,EUR,PAID
ORD-100131,2025-01-12T09:27:20Z,CUST-9576,IN,2785.21,INR,CANCELLED
ORD-100132,2025-01-12T09:28:00Z,CUST-3877,GB,162.5,GBP,PAID
ORD-100133,2025-01-12T09:28:40Z,CUST-7162,IN,1266.61,INR,CREATED
ORD-100134,2025-01-12T09:29:20Z,CUST-7118,IN,3929.49,INR,PAID
ORD-100135,2025-01-12T09:30:00Z,CUST-2424,CA,38.23,CAD,PAID
ORD-100136,2025-01-12T09:30:40Z,CUST-2520,IN,3839.51,INR,PAID
ORD-100137,2025-01-12T09:31:20Z,CUST-9221,GB,206.62,GBP,PAID
ORD-100138,2025-01-12T09:32:00Z,CUST-8582,CA,286.35,CAD,PAID
ORD-100139,2025-01-12T09:32:40Z,CUST-6434,US,377.17,USD,PAID
ORD-100140,2025-01-12T09:33:20Z,CUST-8390,DE,113.45,EUR,PAID
ORD-100141,2025-01-12T09:34:00Z,CUST-8326,CA,372.7,CAD,PAID
ORD-100142,2025-01-12T09:34:40Z,CUST-6560,CA,156.06,CAD,PAID
ORD-100143,2025-01-12T09:35:20Z,CUST-6217,DE,147.79,EUR,PAID
ORD-100144,2025-01-12T09:36:00Z,CUST-7835,DE,108.83,EUR,PAID
ORD-100145,2025-01-12T09:36:40Z,CUST-8887,IN,1756.55,INR,PAID
ORD-100146,2025-01-12T09:37:20Z,CUST-9217,CA,196.63,CAD,PAID
ORD-100147,2025-01-12T09:38:00Z,CUST-4265,US,141.56,USD,PAID
ORD-100148,2025-01-12T09:38:40Z,CUST-5473,US,135.92,USD,PAID
ORD-100149,2025-01-12T09:39:20Z,CUST-5337,DE,30.82,EUR,CANCELLED
ORD-100150,2025-01-12T09:40:00Z,CUST-3160,AU,361.91,AUD,PAID
ORD-100151,2025-01-12T09:40:40Z,CUST-1446,CA,342.68,CAD,PAID
ORD-100152,2025-01-12T09:41:20Z,CUST-8799,AU,194.21,AUD,CREATED
ORD-100153,2025-01-12T09:42:00Z,CUST-3042,AU,357.53,AUD,CREATED
ORD-100154,2025-01-12T09:42:40Z,CUST-6406,AU,243.0,AUD,PAID
ORD-100155,2025-01-12T09:43:20Z,CUST-1199,CA,295.11,CAD,CREATED
ORD-100156,2025-01-12T09:44:00Z,CUST-6305,GB,133.43,GBP,PAID
ORD-100157,2025-01-12T09:44:40Z,CUST-6283,AU,384.37,AUD,PAID
ORD-100158,2025-01-12T09:45:20Z,CUST-2118,GB,322.67,GBP,PAID
ORD-100159,2025-01-12T09:46:00Z,CUST-8526,CA,286.39,CAD,CREATED
ORD-100160,2025-01-12T09:46:40Z,CUST-3805,CA,22.07,CAD,CREATED
ORD-100161,2025-01-12T09:47:20Z,CUST-5251,AU,310.41,AUD,PAID
ORD-100162,2025-01-12T09:48:00Z,CUST-6421,US,79.5,USD,PAID
ORD-100163,2025-01-12T09:48:40Z,CUST-1031,DE,131.29,EUR,PAID
ORD-100164,2025-01-12T09:49:20Z,CUST-7966,AU,74.71,AUD,PAID
ORD-100165,2025-01-12T09:50:00Z,CUST-2880,US,240.2,USD,PAID
ORD-100166,2025-01-12T09:50:40Z,CUST-7571,CA,333.25,CAD,PAID
ORD-100167,2025-01-12T09:51:20Z,CUST-6727,GB,81.09,GBP,CANCELLED
ORD-100168,2025-01-12T09:52:00Z,CUST-5682,DE,38.02,EUR,CANCELLED
ORD-100169,2025-01-12T09:52:40Z,CUST-2282,CA,65.07,CAD,PAID
ORD-100170,2025-01-12T09:53:20Z,CUST-2720,US,231.05,USD,PAID
ORD-100171,2025-01-12T09:54:00Z,CUST-2469,DE,42.68,EUR,PAID
ORD-100172,2025-01-12T09:54:40Z,CUST-1292,IN,2542.1,INR,PAID
ORD-100173,2025-01-12T09:55:20Z,CUST-9975,DE,188.67,EUR,CREATED
ORD-100174,2025-01-12T09:56:00Z,CUST-9327,AU,95.74,AUD,CREATED
ORD-100175,2025-01-12T09:56:40Z,CUST-5854,GB,38.17,GBP,PAID
ORD-100176,2025-01-12T09:57:20Z,CUST-7909,US,187.0,USD,PAID
ORD-100177,2025-01-12T09:58:00Z,CUST-5862,GB,226.42,GBP,PAID
ORD-100178,2025-01-12T09:58:40Z,CUST-3220,DE,127.1,EUR,PAID
ORD-100179,2025-01-12T09:59:20Z,CUST-3540,US,311.86,USD,PAID
ORD-100180,2025-01-12T10:00:00Z,CUST-8373,US,354.99,USD,PAID
ORD-100181,2025-01-12T10:00:40Z,CUST-2676,AU,24.79,AUD,CREATED
ORD-100182,2025-01-12T10:01:20Z,CUST-4799,DE,352.93,EUR,PAID
ORD-100183,2025-01-12T10:02:00Z,CUST-4530,CA,76.66,CAD,PAID
ORD-100184,2025-01-12T10:02:40Z,CUST-4197,CA,381.97,CAD,PAID
ORD-100185,2025-01-12T10:03:20Z,CUST-3184,US,396.67,USD,CREATED
ORD-100186,2025-01-12T10:04:00Z,CUST-6004,CA,388.27,CAD,CREATED
ORD-100187,2025-01-12T10:04:40Z,CUST-7118,AU,375.84,AUD,PAID
ORD-100188,2025-01-12T10:05:20Z,CUST-4569,AU,109.45,AUD,PAID
ORD-100189,2025-01-12T10:06:00Z,CUST-1720,CA,185.68,CAD,PAID
ORD-100190,2025-01-12T10:06:40Z,CUST-8043,CA,247.7,CAD,PAID
ORD-100191,2025-01-12T10:07:20Z,CUST-8842,GB,29.93,GBP,PAID
ORD-100192,2025-01-12T10:08:00Z,CUST-8309,CA,291.59,CAD,PAID
ORD-100193,2025-01-12T10:08:40Z,CUST-7409,US,302.45,USD,PAID
ORD-100194,2025-01-12T10:09:20Z,CUST-9189,US,184.02,USD,CANCELLED
ORD-100195,2025-01-12T10:10:00Z,CUST-2316,IN,3469.03,INR,PAID
ORD-100196,2025-01-12T10:10:40Z,CUST-2572,IN,3107.36,INR,PAID
ORD-100197,2025-01-12T10:11:20Z,CUST-1243,DE,61.13,EUR,PAID
ORD-100198,2025-01-12T10:12:00Z,CUST-8074,AU,194.42,AUD,CREATED
ORD-100199,2025-01-12T10:12:40Z,CUST-9955,GB,360.57,GBP,PAID
ORD-100200,2025-01-12T10:13:20Z,CUST-2177,AU,216.81,AUD,PAID
ORD-100201,2025-01-12T10:14:00Z,CUST-5589,DE,320.54,EUR,PAID
ORD-100202,2025-01-12T10:14:40Z,CUST-3803,AU,236.86,AUD,PAID
ORD-100203,2025-01-12T10:15:20Z,CUST-2733,DE,25.05,EUR,PAID
ORD-100204,2025-01-12T10:16:00Z,CUST-5325,IN,2777.83,INR,CREATED
ORD-100205,2025-01-12T10:16:40Z,CUST-6384,CA,314.65,CAD,PAID
ORD-100206,2025-01-12T10:17:20Z,CUST-2730,GB,112.94,GBP,PAID
ORD-100207,2025-01-12T10:18:00Z,CUST-8085,DE,84.03,EUR,PAID
ORD-100208,2025-01-12T10:18:40Z,CUST-2854,DE,120.41,EUR,CANCELLED
ORD-100209,2025-01-12T10:19:20Z,CUST-8060,US,131.33,USD,CANCELLED
ORD-100210,2025-01-12T10:20:00Z,CUST-1066,AU,286.79,AUD,PAID
ORD-100211,2025-01-12T10:20:40Z,CUST-6530,CA,226.46,CAD,PAID
ORD-100212,2025-01-12T10:21:20Z,CUST-6240,DE,77.62,EUR,PAID
ORD-100213,2025-01-12T10:22:00Z,CUST-6139,GB,76.96,GBP,CREATED
ORD-100214,2025-01-12T10:22:40Z,CUST-5858,AU,317.25,AUD,PAID
ORD-100215,2025-01-12T10:23:20Z,CUST-8344,GB,189.0,GBP,CANCELLED
ORD-100216,2025-01-12T10:24:00Z,CUST-8743,IN,917.53,INR,CREATED
ORD-100217,2025-01-12T10:24:40Z,CUST-9963,GB,285.08,GBP,CREATED
ORD-100218,2025-01-12T10:25:20Z,CUST-3254,CA,142.38,CAD,CREATED
ORD-100219,2025-01-12T10:26:00Z,CUST-4578,DE,238.19,EUR,CANCELLED
ORD-100220,2025-01-12T10:26:40Z,CUST-2847,CA,89.46,CAD,PAID
ORD-100221,2025-01-12T10:27:20Z,CUST-6035,AU,189.76,AUD,PAID
ORD-100222,2025-01-12T10:28:00Z,CUST-8867,CA,251.28,CAD,PAID
ORD-100223,2025-01-12T10:28:40Z,CUST-4292,DE,99.9,EUR,PAID
ORD-100224,2025-01-12T10:29:20Z,CUST-5225,CA,227.28,CAD,PAID
ORD-100225,2025-01-12T10:30:00Z,CUST-3980,DE,261.63,EUR,PAID
ORD-100226,2025-01-12T10:30:40Z,CUST-4000,IN,3160.76,INR,PAID
ORD-100227,2025-01-12T10:31:20Z,CUST-9222,DE,329.96,EUR,PAID
ORD-100228,2025-01-12T10:32:00Z,CUST-8087,GB,137.3,GBP,CREATED
ORD-100229,2025-01-12T10:32:40Z,CUST-2926,US,161.58,USD,CREATED
ORD-100230,2025-01-12T10:33:20Z,CUST-4912,IN,3294.24,INR,PAID
ORD-100231,2025-01-12T10:34:00Z,CUST-7765,AU,183.71,AUD,CREATED
ORD-100232,2025-01-12T10:34:40Z,CUST-1671,CA,192.19,CAD,PAID
ORD-100233,2025-01-12T10:35:20Z,CUST-2874,AU,226.35,AUD,CREATED
ORD-100234,2025-01-12T10:36:00Z,CUST-8232,GB,241.14,GBP,CREATED
ORD-100235,2025-01-12T10:36:40Z,CUST-4431,GB,57.85,GBP,PAID
ORD-100236,2025-01-12T10:37:20Z,CUST-3920,CA,123.8,CAD,PAID
ORD-100237,2025-01-12T10:38:00Z,CUST-1173,CA,300.57,CAD,CANCELLED
ORD-100238,2025-01-12T10:38:40Z,CUST-6386,CA,327.32,CAD,PAID
ORD-100239,2025-01-12T10:39:20Z,CUST-8235,DE,228.88,EUR,CANCELLED
ORD-100240,2025-01-12T10:40:00Z,CUST-2441,DE,172.05,EUR,PAID
ORD-100241,2025-01-12T10:40:40Z,CUST-4034,CA,240.01,CAD,CREATED
ORD-100242,2025-01-12T10:41:20Z,CUST-4127,GB,322.58,GBP,PAID
ORD-100243,2025-01-12T10:42:00Z,CUST-4396,IN,3562.58,INR,CREATED
ORD-100244,2025-01-12T10:42:40Z,CUST-1141,AU,178.3,AUD,PAID
ORD-100245,2025-01-12T10:43:20Z,CUST-2793,GB,358.38,GBP,PAID
ORD-100246,2025-01-12T10:44:00Z,CUST-9465,CA,58.04,CAD,PAID
ORD-100247,2025-01-12T10:44:40Z,CUST-7500,GB,137.81,GBP,PAID
ORD-100248,2025-01-12T10:45:20Z,CUST-2370,IN,1115.22,INR,CREATED
ORD-100249,2025-01-12T10:46:00Z,CUST-8851,US,248.73,USD,PAID
ORD-100250,2025-01-12T10:46:40Z,CUST-1397,AU,322.71,AUD,CREATED
ORD-100251,2025-01-12T10:47:20Z,CUST-8216,AU,289.56,AUD,PAID
ORD-100252,2025-01-12T10:48:00Z,CUST-8382,IN,3839.51,INR,CREATED
ORD-100253,2025-01-12T10:48:40Z,CUST-5918,DE,170.41,EUR,PAID
ORD-100254,2025-01-12T10:49:20Z,CUST-3672,US,118.09,USD,CREATED
ORD-100255,2025-01-12T10:50:00Z,CUST-9171,IN,1901.72,INR,PAID
ORD-100256,2025-01-12T10:50:40Z,CUST-5975,DE,305.68,EUR,CREATED
ORD-100257,2025-01-12T10:51:20Z,CUST-4379,AU,15.34,AUD,PAID
ORD-100258,2025-01-12T10:52:00Z,CUST-1772,GB,284.63,GBP,PAID
ORD-100259,2025-01-12T10:52:40Z,CUST-5737,GB,154.43,GBP,PAID
ORD-100260,2025-01-12T10:53:20Z,CUST-6050,GB,180.97,GBP,PAID
ORD-100261,2025-01-12T10:54:00Z,CUST-8993,CA,51.83,CAD,PAID
ORD-100262,2025-01-12T10:54:40Z,CUST-6513,CA,170.83,CAD,PAID
ORD-100263,2025-01-12T10:55:20Z,CUST-3094,CA,18.77,CAD,PAID
ORD-100264,2025-01-12T10:56:00Z,CUST-9590,AU,210.77,AUD,PAID
ORD-100265,2025-01-12T10:56:40Z,CUST-9472,US,73.56,USD,PAID
ORD-100266,2025-01-12T10:57:20Z,CUST-3240,US,166.94,USD,CANCELLED
ORD-100267,2025-01-12T10:58:00Z,CUST-7114,DE,233.34,EUR,PAID
ORD-100268,2025-01-12T10:58:40Z,CUST-8102,CA,165.02,CAD,PAID
ORD-100269,2025-01-12T10:59:20Z,CUST-8384,US,39.09,USD,CREATED
ORD-100270,2025-01-12T11:00:00Z,CUST-9549,GB,225.71,GBP,PAID
ORD-100271,2025-01-12T11:00:40Z,CUST-4869,IN,839.1,INR,PAID
ORD-100272,2025-01-12T11:01:20Z,CUST-4597,GB,240.47,GBP,PAID
ORD-100273,2025-01-12T11:02:00Z,CUST-4160,AU,328.13,AUD,CREATED
ORD-100274,2025-01-12T11:02:40Z,CUST-2658,US,32.12,USD,PAID
ORD-100275,2025-01-12T11:03:20Z,CUST-1683,GB,14.66,GBP,PAID
ORD-100276,2025-01-12T11:04:00Z,CUST-8436,GB,94.66,GBP,CANCELLED
ORD-100277,2025-01-12T11:04:40Z,CUST-7977,US,349.64,USD,PAID
ORD-100278,2025-01-12T11:05:20Z,CUST-6153,IN,761.81,INR,CANCELLED
ORD-100279,2025-01-12T11:06:00Z,CUST-6788,IN,862.93,INR,PAID
ORD-100280,2025-01-12T11:06:40Z,CUST-9339,AU,288.0,AUD,PAID
ORD-100281,2025-01-12T11:07:20Z,CUST-8674,GB,319.53,GBP,PAID
ORD-100282,2025-01-12T11:08:00Z,CUST-5969,AU,189.04,AUD,CANCELLED
ORD-100283,2025-01-12T11:08:40Z,CUST-3983,GB,149.39,GBP,PAID
ORD-100284,2025-01-12T11:09:20Z,CUST-2242,CA,207.52,CAD,PAID
ORD-100285,2025-01-12T11:10:00Z,CUST-8719,IN,1182.38,INR,PAID
ORD-100286,2025-01-12T11:10:40Z,CUST-2577,US,68.08,USD,CREATED
ORD-100287,2025-01-12T11:11:20Z,CUST-5558,CA,190.39,CAD,CREATED
ORD-100288,2025-01-12T11:12:00Z,CUST-5864,DE,16.23,EUR,CREATED
ORD-100289,2025-01-12T11:12:40Z,CUST-4416,AU,354.14,AUD,PAID
ORD-100290,2025-01-12T11:13:20Z,CUST-9610,IN,1166.79,INR,PAID
ORD-100291,2025-01-12T11:14:00Z,CUST-9805,IN,1906.15,INR,CREATED
ORD-100292,2025-01-12T11:14:40Z,CUST-6994,CA,189.02,CAD,PAID
ORD-100293,2025-01-12T11:15:20Z,CUST-6174,CA,229.86,CAD,CREATED
ORD-100294,2025-01-12T11:16:00Z,CUST-9976,GB,395.85,GBP,PAID
ORD-100295,2025-01-12T11:16:40Z,CUST-7183,CA,355.53,CAD,CREATED
ORD-100296,2025-01-12T11:17:20Z,CUST-3720,CA,38.53,CAD,CREATED
ORD-100297,2025-01-12T11:18:00Z,CUST-3807,AU,51.3,AUD,PAID
ORD-100298,2025-01-12T11:18:40Z,CUST-1229,IN,562.91,INR,CREATED
ORD-100299,2025-01-12T11:19:20Z,CUST-4213,CA,367.5,CAD,PAID
ORD-100300,2025-01-12T11:20:00Z,CUST-7377,US,368.28,USD,PAID
ORD-100301,2025-01-12T11:20:40Z,CUST-3326,DE,135.6,EUR,PAID
ORD-100302,2025-01-12T11:21:20Z,CUST-7657,IN,2928.77,INR,PAID
ORD-100303,2025-01-12T11:22:00Z,CUST-2670,GB,33.33,GBP,PAID
ORD-100304,2025-01-12T11:22:40Z,CUST-6178,DE,247.21,EUR,PAID
ORD-100305,2025-01-12T11:23:20Z,CUST-6257,DE,336.07,EUR,CREATED
ORD-100306,2025-01-12T11:24:00Z,CUST-1173,AU,294.21,AUD,PAID
ORD-100307,2025-01-12T11:24:40Z,CUST-5503,GB,222.18,GBP,PAID
ORD-100308,2025-01-12T11:25:20Z,CUST-6102,AU,184.47,AUD,PAID
ORD-100309,2025-01-12T11:26:00Z,CUST-9844,DE,140.58,EUR,PAID
ORD-100310,2025-01-12T11:26:40Z,CUST-1029,AU,87.17,AUD,CREATED
ORD-100311,2025-01-12T11:27:20Z,CUST-3603,DE,84.66,EUR,CREATED
ORD-100312,2025-01-12T11:28:00Z,CUST-8785,GB,380.74,GBP,CANCELLED
ORD-100313,2025-01-12T11:28:40Z,CUST-4644,US,189.93,USD,CREATED
ORD-100314,2025-01-12T11:29:20Z,CUST-2288,DE,131.65,EUR,PAID
ORD-100315,2025-01-12T11:30:00Z,CUST-2316,CA,260.05,CAD,PAID
ORD-100316,2025-01-12T11:30:40Z,CUST-4280,DE,372.7,EUR,CREATED
ORD-100317,2025-01-12T11:31:20Z,CUST-3079,CA,23.55,CAD,PAID
ORD-100318,2025-01-12T11:32:00Z,CUST-2265,IN,1289.39,INR,CREATED
ORD-100319,2025-01-12T11:32:40Z,CUST-6246,IN,2251.2,INR,PAID
ORD-100320,2025-01-12T11:33:20Z,CUST-7119,AU,252.01,AUD,PAID
ORD-100321,2025-01-12T11:34:00Z,CUST-6823,GB,230.51,GBP,PAID
ORD-100322,2025-01-12T11:34:40Z,CUST-2991,DE,396.4,EUR,CREATED
ORD-100323,2025-01-12T11:35:20Z,CUST-8716,CA,70.38,CAD,PAID
ORD-100324,2025-01-12T11:36:00Z,CUST-6186,CA,296.88,CAD,CREATED
ORD-100325,2025-01-12T11:36:40Z,CUST-3613,US,19.78,USD,PAID
ORD-100326,2025-01-12T11:37:20Z,CUST-3083,AU,296.25,AUD,CREATED
ORD-100327,2025-01-12T11:38:00Z,CUST-3909,GB,228.76,GBP,PAID
ORD-100328,2025-01-12T11:38:40Z,CUST-2355,GB,380.24,GBP,PAID
ORD-100329,2025-01-12T11:39:20Z,CUST-9321,CA,19.91,CAD,PAID
ORD-100330,2025-01-12T11:40:00Z,CUST-3888,AU,10.23,AUD,PAID
ORD-100331,2025-01-12T11:40:40Z,CUST-4045,GB,240.43,GBP,CREATED
ORD-100332,2025-01-12T11:41:20Z,CUST-3054,CA,381.45,CAD,PAID
ORD-100333,2025-01-12T11:42:00Z,CUST-8007,DE,140.56,EUR,CANCELLED
ORD-100334,2025-01-12T11:42:40Z,CUST-6324,GB,139.82,GBP,PAID
ORD-100335,2025-01-12T11:43:20Z,CUST-6107,CA,369.87,CAD,CREATED
ORD-100336,2025-01-12T11:44:00Z,CUST-2050,CA,398.59,CAD,PAID
ORD-100337,2025-01-12T11:44:40Z,CUST-7735,DE,120.21,EUR,CANCELLED
ORD-100338,2025-01-12T11:45:20Z,CUST-5748,DE,225.79,EUR,CREATED
ORD-100339,2025-01-12T11:46:00Z,CUST-3740,AU,352.91,AUD,PAID
ORD-100340,2025-01-12T11:46:40Z,CUST-7061,GB,122.25,GBP,CREATED
ORD-100341,2025-01-12T11:47:20Z,CUST-9814,CA,383.49,CAD,PAID
ORD-100342,2025-01-12T11:48:00Z,CUST-1915,IN,3669.5,INR,CANCELLED
ORD-100343,2025-01-12T11:48:40Z,CUST-9876,IN,1346.48,INR,PAID
ORD-100344,2025-01-12T11:49:20Z,CUST-7013,CA,207.03,CAD,PAID
ORD-100345,2025-01-12T11:50:00Z,CUST-8223,AU,283.63,AUD,PAID
ORD-100346,2025-01-12T11:50:40Z,CUST-1250,US,271.34,USD,PAID
ORD-100347,2025-01-12T11:51:20Z,CUST-8132,GB,80.95,GBP,CANCELLED
ORD-100348,2025-01-12T11:52:00Z,CUST-6002,US,392.59,USD,PAID
ORD-100349,2025-01-12T11:52:40Z,CUST-8572,GB,231.08,GBP,PAID
ORD-100350,2025-01-12T11:53:20Z,CUST-4482,DE,280.87,EUR,PAID
ORD-100351,2025-01-12T11:54:00Z,CUST-3365,IN,2405.69,INR,PAID
ORD-100352,2025-01-12T11:54:40Z,CUST-1532,AU,244.42,AUD,CREATED
ORD-100353,2025-01-12T11:55:20Z,CUST-3482,AU,175.19,AUD,PAID
ORD-100354,2025-01-12T11:56:00Z,CUST-7735,AU,361.74,AUD,PAID
ORD-100355,2025-01-12T11:56:40Z,CUST-2705,AU,301.59,AUD,PAID
ORD-100356,2025-01-12T11:57:20Z,CUST-8491,AU,148.56,AUD,CANCELLED
ORD-100357,2025-01-12T11:58:00Z,CUST-4444,IN,2947.86,INR,CREATED
ORD-100358,2025-01-12T11:58:40Z,CUST-2482,AU,151.21,AUD,PAID
ORD-100359,2025-01-12T11:59:20Z,CUST-8033,DE,183.33,EUR,CREATED
ORD-100360,2025-01-12T12:00:00Z,CUST-9034,DE,237.92,EUR,PAID
ORD-100361,2025-01-12T12:00:40Z,CUST-1754,US,36.52,USD,PAID
ORD-100362,2025-01-12T12:01:20Z,CUST-9227,IN,3993.29,INR,CREATED
ORD-100363,2025-01-12T12:02:00Z,CUST-9135,DE,75.78,EUR,PAID
ORD-100364,2025-01-12T12:02:40Z,CUST-2775,DE,44.37,EUR,CREATED
ORD-100365,2025-01-12T12:03:20Z,CUST-1563,CA,382.97,CAD,CREATED
ORD-100366,2025-01-12T12:04:00Z,CUST-3236,DE,230.89,EUR,CREATED
ORD-100367,2025-01-12T12:04:40Z,CUST-1272,CA,329.26,CAD,PAID
ORD-100368,2025-01-12T12:05:20Z,CUST-3557,IN,2189.08,INR,CREATED
ORD-100369,2025-01-12T12:06:00Z,CUST-1238,DE,163.45,EUR,PAID
ORD-100370,2025-01-12T12:06:40Z,CUST-6373,IN,1180.1,INR,PAID
ORD-100371,2025-01-12T12:07:20Z,CUST-5074,IN,2059.09,INR,PAID
ORD-100372,2025-01-12T12:08:00Z,CUST-4018,AU,85.73,AUD,PAID
ORD-100373,2025-01-12T12:08:40Z,CUST-6422,GB,364.64,GBP,PAID
ORD-100374,2025-01-12T12:09:20Z,CUST-4823,CA,37.03,CAD,PAID
ORD-100375,2025-01-12T12:10:00Z,CUST-7564,US,254.06,USD,PAID
ORD-100376,2025-01-12T12:10:40Z,CUST-4849,IN,2174.92,INR,PAID
ORD-100377,2025-01-12T12:11:20Z,CUST-7778,US,208.56,USD,PAID
ORD-100378,2025-01-12T12:12:00Z,CUST-5568,AU,233.6,AUD,CREATED
ORD-100379,2025-01-12T12:12:40Z,CUST-8150,DE,331.04,EUR,PAID
ORD-100380,2025-01-12T12:13:20Z,CUST-8672,DE,187.17,EUR,CREATED
ORD-100381,2025-01-12T12:14:00Z,CUST-2230,CA,125.36,CAD,PAID
ORD-100382,2025-01-12T12:14:40Z,CUST-9671,CA,59.02,CAD,PAID
ORD-100383,2025-01-12T12:15:20Z,CUST-7628,GB,336.07,GBP,PAID
ORD-100384,2025-01-12T12:16:00Z,CUST-2341,IN,3107.52,INR,PAID
ORD-100385,2025-01-12T12:16:40Z,CUST-2246,CA,201.01,CAD,CREATED
ORD-100386,2025-01-12T12:17:20Z,CUST-6612,US,126.98,USD,PAID
ORD-100387,2025-01-12T12:18:00Z,CUST-3492,DE,331.2,EUR,PAID
ORD-100388,2025-01-12T12:18:40Z,CUST-8787,IN,1189.56,INR,CREATED
ORD-100389,2025-01-12T12:19:20Z,CUST-4695,GB,148.37,GBP,PAID
ORD-100390,2025-01-12T12:20:00Z,CUST-9146,US,160.78,USD,CANCELLED
ORD-100391,2025-01-12T12:20:40Z,CUST-7581,IN,1334.81,INR,PAID
ORD-100392,2025-01-12T12:21:20Z,CUST-7082,DE,42.58,EUR,PAID
ORD-100393,2025-01-12T12:22:00Z,CUST-7752,CA,319.56,CAD,CREATED
ORD-100394,2025-01-12T12:22:40Z,CUST-6125,GB,373.78,GBP,PAID
ORD-100395,2025-01-12T12:23:20Z,CUST-7380,IN,2544.21,INR,CREATED
ORD-100396,2025-01-12T12:24:00Z,CUST-1701,CA,235.53,CAD,PAID
ORD-100397,2025-01-12T12:24:40Z,CUST-2031,IN,3315.56,INR,PAID
ORD-100398,2025-01-12T12:25:20Z,CUST-2410,US,290.45,USD,PAID
ORD-100399,2025-01-12T12:26:00Z,CUST-3940,CA,121.68,CAD,PAID
ORD-100400,2025-01-12T12:26:40Z,CUST-9773,CA,166.98,CAD,PAID
ORD-100401,2025-01-12T12:27:20Z,CUST-3823,CA,319.39,CAD,PAID
ORD-100402,2025-01-12T12:28:00Z,CUST-8199,US,332.44,USD,PAID
ORD-100403,2025-01-12T12:28:40Z,CUST-3548,IN,2008.79,INR,CANCELLED
ORD-100404,2025-01-12T12:29:20Z,CUST-5024,IN,357.18,INR,PAID
ORD-100405,2025-01-12T12:30:00Z,CUST-5807,CA,268.69,CAD,PAID
ORD-100406,2025-01-12T12:30:40Z,CUST-2338,US,384.93,USD,PAID
ORD-100407,2025-01-12T12:31:20Z,CUST-3760,IN,3203.35,INR,PAID
ORD-100408,2025-01-12T12:32:00Z,CUST-7911,GB,72.95,GBP,PAID
ORD-100409,2025-01-12T12:32:40Z,CUST-7280,DE,260.76,EUR,PAID
ORD-100410,2025-01-12T12:33:20Z,CUST-8194,US,82.66,USD,PAID
ORD-100411,2025-01-12T12:34:00Z,CUST-2876,US,305.44,USD,PAID
ORD-100412,2025-01-12T12:34:40Z,CUST-9192,US,67.07,USD,PAID
ORD-100413,2025-01-12T12:35:20Z,CUST-1061,GB,352.23,GBP,PAID
ORD-100414,2025-01-12T12:36:00Z,CUST-1268,DE,311.38,EUR,PAID
ORD-100415,2025-01-12T12:36:40Z,CUST-8125,US,125.49,USD,PAID
ORD-100416,2025-01-12T12:37:20Z,CUST-3807,AU,196.25,AUD,PAID
ORD-100417,2025-01-12T12:38:00Z,CUST-8222,US,117.12,USD,PAID
ORD-100418,2025-01-12T12:38:40Z,CUST-8585,CA,38.02,CAD,PAID
ORD-100419,2025-01-12T12:39:20Z,CUST-5032,US,213.42,USD,PAID
ORD-100420,2025-01-12T12:40:00Z,CUST-7929,US,231.96,USD,PAID
ORD-100421,2025-01-12T12:40:40Z,CUST-2415,AU,314.91,AUD,PAID
ORD-100422,2025-01-12T12:41:20Z,CUST-7641,IN,3093.61,INR,PAID
ORD-100423,2025-01-12T12:42:00Z,CUST-8845,GB,30.68,GBP,CREATED
ORD-100424,2025-01-12T12:42:40Z,CUST-3495,AU,39.36,AUD,PAID
ORD-100425,2025-01-12T12:43:20Z,CUST-1551,IN,3636.2,INR,CREATED
ORD-100426,2025-01-12T12:44:00Z,CUST-4339,AU,360.22,AUD,PAID
ORD-100427,2025-01-12T12:44:40Z,CUST-6271,CA,224.22,CAD,CREATED
ORD-100428,2025-01-12T12:45:20Z,CUST-7424,IN,334.09,INR,CREATED
ORD-100429,2025-01-12T12:46:00Z,CUST-8245,US,199.27,USD,CREATED
ORD-100430,2025-01-12T12:46:40Z,CUST-4396,US,266.36,USD,PAID
ORD-100431,2025-01-12T12:47:20Z,CUST-3012,CA,392.55,CAD,PAID
ORD-100432,2025-01-12T12:48:00Z,CUST-5011,AU,167.49,AUD,PAID
ORD-100433,2025-01-12T12:48:40Z,CUST-7004,DE,160.09,EUR,PAID
ORD-100434,2025-01-12T12:49:20Z,CUST-7797,CA,80.25,CAD,PAID
ORD-100435,2025-01-12T12:50:00Z,CUST-7095,CA,384.88,CAD,PAID
ORD-100436,2025-01-12T12:50:40Z,CUST-5939,AU,387.7,AUD,CANCELLED
ORD-100437,2025-01-12T12:51:20Z,CUST-3552,CA,132.61,CAD,PAID
ORD-100438,2025-01-12T12:52:00Z,CUST-2400,CA,170.88,CAD,PAID
ORD-100439,2025-01-12T12:52:40Z,CUST-3757,GB,258.99,GBP,PAID
ORD-100440,2025-01-12T12:53:20Z,CUST-1044,US,297.19,USD,CREATED
ORD-100441,2025-01-12T12:54:00Z,CUST-3470,GB,318.2,GBP,PAID
ORD-100442,2025-01-12T12:54:40Z,CUST-2835,CA,218.52,CAD,CREATED
ORD-100443,2025-01-12T12:55:20Z,CUST-8777,CA,117.78,CAD,CREATED
ORD-100444,2025-01-12T12:56:00Z,CUST-3414,US,260.39,USD,PAID
ORD-100445,2025-01-12T12:56:40Z,CUST-9914,US,116.53,USD,PAID
ORD-100446,2025-01-12T12:57:20Z,CUST-5221,CA,290.08,CAD,PAID
ORD-100447,2025-01-12T12:58:00Z,CUST-8872,IN,2938.81,INR,PAID
ORD-100448,2025-01-12T12:58:40Z,CUST-5559,IN,3115.35,INR,PAID
ORD-100449,2025-01-12T12:59:20Z,CUST-5356,AU,368.37,AUD,PAID
ORD-100450,2025-01-12T13:00:00Z,CUST-5921,US,10.84,USD,PAID
ORD-100451,2025-01-12T13:00:40Z,CUST-1214,AU,272.5,AUD,CREATED
ORD-100452,2025-01-12T13:01:20Z,CUST-8306,GB,64.24,GBP,PAID
ORD-100453,2025-01-12T13:02:00Z,CUST-7246,IN,1264.39,INR,PAID
ORD-100454,2025-01-12T13:02:40Z,CUST-1517,AU,327.03,AUD,PAID
ORD-100455,2025-01-12T13:03:20Z,CUST-5540,AU,244.41,AUD,PAID
ORD-100456,2025-01-12T13:04:00Z,CUST-1587,IN,3232.45,INR,PAID
ORD-100457,2025-01-12T13:04:40Z,CUST-9038,CA,130.35,CAD,PAID
ORD-100458,2025-01-12T13:05:20Z,CUST-6500,US,123.92,USD,CREATED
ORD-100459,2025-01-12T13:06:00Z,CUST-4764,DE,336.61,EUR,CREATED
ORD-100460,2025-01-12T13:06:40Z,CUST-4057,AU,93.53,AUD,PAID
ORD-100461,2025-01-12T13:07:20Z,CUST-5164,US,265.09,USD,CANCELLED
ORD-100462,2025-01-12T13:08:00Z,CUST-2173,GB,68.4,GBP,PAID
ORD-100463,2025-01-12T13:08:40Z,CUST-7258,GB,80.21,GBP,CANCELLED
ORD-100464,2025-01-12T13:09:20Z,CUST-6263,AU,56.77,AUD,CREATED
ORD-100465,2025-01-12T13:10:00Z,CUST-8474,DE,160.33,EUR,CANCELLED
ORD-100466,2025-01-12T13:10:40Z,CUST-8148,GB,153.47,GBP,PAID
ORD-100467,2025-01-12T13:11:20Z,CUST-2731,CA,240.82,CAD,PAID
ORD-100468,2025-01-12T13:12:00Z,CUST-2186,DE,236.79,EUR,PAID
ORD-100469,2025-01-12T13:12:40Z,CUST-9706,IN,3137.43,INR,CREATED
ORD-100470,2025-01-12T13:13:20Z,CUST-2070,US,73.26,USD,PAID
ORD-100471,2025-01-12T13:14:00Z,CUST-7058,GB,333.76,GBP,CREATED
ORD-100472,2025-01-12T13:14:40Z,CUST-9092,CA,63.97,CAD,PAID
ORD-100473,2025-01-12T13:15:20Z,CUST-5735,DE,47.09,EUR,PAID
ORD-100474,2025-01-12T13:16:00Z,CUST-1706,AU,317.99,AUD,CREATED
ORD-100475,2025-01-12T13:16:40Z,CUST-6696,IN,2603.64,INR,PAID
ORD-100476,2025-01-12T13:17:20Z,CUST-8152,IN,1336.99,INR,CANCELLED
ORD-100477,2025-01-12T13:18:00Z,CUST-4612,IN,2387.79,INR,PAID
ORD-100478,2025-01-12T13:18:40Z,CUST-9929,US,129.22,USD,PAID
ORD-100479,2025-01-12T13:19:20Z,CUST-9701,GB,343.45,GBP,PAID
ORD-100480,2025-01-12T13:20:00Z,CUST-8675,CA,288.9,CAD,PAID
ORD-100481,2025-01-12T13:20:40Z,CUST-7492,AU,318.05,AUD,CANCELLED
ORD-100482,2025-01-12T13:21:20Z,CUST-7996,CA,69.81,CAD,PAID
ORD-100483,2025-01-12T13:22:00Z,CUST-4860,GB,390.67,GBP,PAID
ORD-100484,2025-01-12T13:22:40Z,CUST-1101,GB,325.7,GBP,PAID
ORD-100485,2025-01-12T13:23:20Z,CUST-9894,US,154.72,USD,PAID
ORD-100486,2025-01-12T13:24:00Z,CUST-9666,CA,274.88,CAD,PAID
ORD-100487,2025-01-12T13:24:40Z,CUST-4414,AU,164.45,AUD,PAID
ORD-100488,2025-01-12T13:25:20Z,CUST-9663,DE,157.52,EUR,PAID
ORD-100489,2025-01-12T13:26:00Z,CUST-2695,CA,99.23,CAD,PAID
ORD-100490,2025-01-12T13:26:40Z,CUST-4879,AU,139.05,AUD,PAID
ORD-100491,2025-01-12T13:27:20Z,CUST-8199,GB,80.06,GBP,CREATED
ORD-100492,2025-01-12T13:28:00Z,CUST-3088,AU,201.09,AUD,CREATED
ORD-100493,2025-01-12T13:28:40Z,CUST-5448,CA,146.19,CAD,PAID
ORD-100494,2025-01-12T13:29:20Z,CUST-5107,CA,55.85,CAD,CANCELLED
ORD-100495,2025-01-12T13:30:00Z,CUST-3667,AU,360.81,AUD,PAID
ORD-100496,2025-01-12T13:30:40Z,CUST-1151,GB,295.45,GBP,PAID
ORD-100497,2025-01-12T13:31:20Z,CUST-5269,DE,399.46,EUR,CREATED
ORD-100498,2025-01-12T13:32:00Z,CUST-6245,AU,49.87,AUD,PAID
ORD-100499,2025-01-12T13:32:40Z,CUST-8142,AU,35.87,AUD,PAID
ORD-100500,2025-01-12T13:33:20Z,CUST-1740,US,63.44,USD,PAID
ORD-100501,2025-01-12T13:34:00Z,CUST-2851,IN,1474.6,INR,CANCELLED
ORD-100502,2025-01-12T13:34:40Z,CUST-1410,US,368.09,USD,CREATED
ORD-100503,2025-01-12T13:35:20Z,CUST-4992,DE,399.08,EUR,PAID
ORD-100504,2025-01-12T13:36:00Z,CUST-3334,CA,188.51,CAD,PAID
ORD-100505,2025-01-12T13:36:40Z,CUST-7886,AU,177.43,AUD,PAID
ORD-100506,2025-01-12T13:37:20Z,CUST-1505,US,292.81,USD,PAID
ORD-100507,2025-01-12T13:38:00Z,CUST-9047,IN,3847.25,INR,CANCELLED
ORD-100508,2025-01-12T13:38:40Z,CUST-7964,GB,205.65,GBP,CANCELLED
ORD-100509,2025-01-12T13:39:20Z,CUST-8343,CA,333.76,CAD,PAID
ORD-100510,2025-01-12T13:40:00Z,CUST-2478,AU,371.2,AUD,PAID
ORD-100511,2025-01-12T13:40:40Z,CUST-3372,US,158.58,USD,PAID
ORD-100512,2025-01-12T13:41:20Z,CUST-7254,IN,1887.15,INR,PAID
ORD-100513,2025-01-12T13:42:00Z,CUST-6277,AU,233.17,AUD,PAID
ORD-100514,2025-01-12T13:42:40Z,CUST-2119,CA,71.23,CAD,PAID
ORD-100515,2025-01-12T13:43:20Z,CUST-2267,GB,202.31,GBP,PAID
ORD-100516,2025-01-12T13:44:00Z,CUST-3401,IN,1528.05,INR,PAID
ORD-100517,2025-01-12T13:44:40Z,CUST-6574,DE,370.53,EUR,PAID
ORD-100518,2025-01-12T13:45:20Z,CUST-5421,DE,263.03,EUR,PAID
ORD-100519,2025-01-12T13:46:00Z,CUST-4233,US,276.59,USD,PAID
ORD-100520,2025-01-12T13:46:40Z,CUST-8446,CA,133.37,CAD,CREATED
ORD-100521,2025-01-12T13:47:20Z,CUST-9606,AU,228.82,AUD,PAID
ORD-100522,2025-01-12T13:48:00Z,CUST-4826,US,305.12,USD,PAID
ORD-100523,2025-01-12T13:48:40Z,CUST-8027,CA,103.9,CAD,PAID
ORD-100524,2025-01-12T13:49:20Z,CUST-7292,GB,60.97,GBP,PAID
ORD-100525,2025-01-12T13:50:00Z,CUST-5118,AU,15.67,AUD,CANCELLED
ORD-100526,2025-01-12T13:50:40Z,CUST-1805,DE,173.79,EUR,PAID
ORD-100527,2025-01-12T13:51:20Z,CUST-6547,AU,334.78,AUD,CANCELLED
ORD-100528,2025-01-12T13:52:00Z,CUST-1635,AU,214.49,AUD,PAID
ORD-100529,2025-01-12T13:52:40Z,CUST-3570,AU,363.82,AUD,PAID
ORD-100530,2025-01-12T13:53:20Z,CUST-9254,GB,48.37,GBP,PAID
ORD-100531,2025-01-12T13:54:00Z,CUST-7331,GB,361.14,GBP,PAID
ORD-100532,2025-01-12T13:54:40Z,CUST-3556,IN,3201.43,INR,PAID
ORD-100533,2025-01-12T13:55:20Z,CUST-6331,AU,261.87,AUD,CREATED
ORD-100534,2025-01-12T13:56:00Z,CUST-4087,IN,1787.95,INR,CREATED
ORD-100535,2025-01-12T13:56:40Z,CUST-4554,AU,284.05,AUD,PAID
ORD-100536,2025-01-12T13:57:20Z,CUST-7909,DE,60.74,EUR,PAID
ORD-100537,2025-01-12T13:58:00Z,CUST-1036,CA,29.2,CAD,CREATED
ORD-100538,2025-01-12T13:58:40Z,CUST-7358,AU,245.07,AUD,PAID
ORD-100539,2025-01-12T13:59:20Z,CUST-4919,GB,395.29,GBP,PAID
ORD-100540,2025-01-12T14:00:00Z,CUST-8577,IN,2151.16,INR,CREATED
ORD-100541,2025-01-12T14:00:40Z,CUST-9726,DE,248.12,EUR,CREATED
ORD-100542,2025-01-12T14:01:20Z,CUST-2272,DE,25.74,EUR,CANCELLED
ORD-100543,2025-01-12T14:02:00Z,CUST-2292,US,71.86,USD,PAID
ORD-100544,2025-01-12T14:02:40Z,CUST-3805,DE,83.44,EUR,PAID
ORD-100545,2025-01-12T14:03:20Z,CUST-7819,GB,236.0,GBP,CANCELLED
ORD-100546,2025-01-12T14:04:00Z,CUST-9842,US,44.55,USD,CREATED
ORD-100547,2025-01-12T14:04:40Z,CUST-9258,IN,992.76,INR,PAID
ORD-100548,2025-01-12T14:05:20Z,CUST-1032,IN,844.64,INR,PAID
ORD-100549,2025-01-12T14:06:00Z,CUST-7708,US,386.46,USD,PAID
ORD-100550,2025-01-12T14:06:40Z,CUST-7436,IN,1279.38,INR,PAID
ORD-100551,2025-01-12T14:07:20Z,CUST-3851,GB,189.71,GBP,CANCELLED
ORD-100552,2025-01-12T14:08:00Z,CUST-3373,AU,130.27,AUD,CREATED
ORD-100553,2025-01-12T14:08:40Z,CUST-6671,US,77.87,USD,PAID
ORD-100554,2025-01-12T14:09:20Z,CUST-5372,GB,338.18,GBP,PAID
ORD-100555,2025-01-12T14:10:00Z,CUST-2115,DE,91.52,EUR,PAID
ORD-100556,2025-01-12T14:10:40Z,CUST-5954,US,302.28,USD,PAID
ORD-100557,2025-01-12T14:11:20Z,CUST-8438,GB,319.77,GBP,CANCELLED
ORD-100558,2025-01-12T14:12:00Z,CUST-1269,US,110.8,USD,CREATED
ORD-100559,2025-01-12T14:12:40Z,CUST-3384,CA,201.89,CAD,PAID
ORD-100560,2025-01-12T14:13:20Z,CUST-2325,GB,335.47,GBP,PAID
ORD-100561,2025-01-12T14:14:00Z,CUST-9540,IN,713.39,INR,PAID
ORD-100562,2025-01-12T14:14:40Z,CUST-4215,IN,1796.9,INR,CANCELLED
ORD-100563,2025-01-12T14:15:20Z,CUST-3328,AU,202.25,AUD,PAID
ORD-100564,2025-01-12T14:16:00Z,CUST-3896,US,92.65,USD,PAID
ORD-100565,2025-01-12T14:16:40Z,CUST-4847,AU,200.08,AUD,PAID
ORD-100566,2025-01-12T14:17:20Z,CUST-7629,IN,2235.61,INR,CREATED
ORD-100567,2025-01-12T14:18:00Z,CUST-9021,CA,126.93,CAD,PAID
ORD-100568,2025-01-12T14:18:40Z,CUST-2287,US,107.67,USD,PAID
ORD-100569,2025-01-12T14:19:20Z,CUST-8614,CA,367.54,CAD,CREATED
ORD-100570,2025-01-12T14:20:00Z,CUST-8673,GB,195.45,GBP,PAID
ORD-100571,2025-01-12T14:20:40Z,CUST-8277,IN,1197.54,INR,PAID
ORD-100572,2025-01-12T14:21:20Z,CUST-2056,US,257.3,USD,PAID
ORD-100573,2025-01-12T14:22:00Z,CUST-8232,IN,2242.59,INR,CANCELLED
ORD-100574,2025-01-12T14:22:40Z,CUST-7201,CA,149.43,CAD,CREATED
ORD-100575,2025-01-12T14:23:20Z,CUST-1191,DE,152.8,EUR,PAID
ORD-100576,2025-01-12T14:24:00Z,CUST-8605,CA,24.43,CAD,CANCELLED
ORD-100577,2025-01-12T14:24:40Z,CUST-7686,GB,16.04,GBP,CANCELLED
ORD-100578,2025-01-12T14:25:20Z,CUST-5224,DE,14.46,EUR,CANCELLED
ORD-100579,2025-01-12T14:26:00Z,CUST-9641,CA,156.0,CAD,PAID
ORD-100580,2025-01-12T14:26:40Z,CUST-4745,AU,32.43,AUD,PAID
ORD-100581,2025-01-12T14:27:20Z,CUST-3271,GB,28.14,GBP,CREATED
ORD-100582,2025-01-12T14:28:00Z,CUST-5184,US,203.25,USD,CREATED
ORD-100583,2025-01-12T14:28:40Z,CUST-1613,GB,155.81,GBP,PAID
ORD-100584,2025-01-12T14:29:20Z,CUST-6825,GB,277.43,GBP,CANCELLED
ORD-100585,2025-01-12T14:30:00Z,CUST-9520,DE,274.63,EUR,CANCELLED
ORD-100586,2025-01-12T14:30:40Z,CUST-1404,AU,108.85,AUD,PAID
ORD-100587,2025-01-12T14:31:20Z,CUST-3239,GB,286.29,GBP,PAID
ORD-100588,2025-01-12T14:32:00Z,CUST-5530,IN,2688.31,INR,PAID
ORD-100589,2025-01-12T14:32:40Z,CUST-2783,DE,275.09,EUR,CREATED
ORD-100590,2025-01-12T14:33:20Z,CUST-4187,CA,234.15,CAD,PAID
ORD-100591,2025-01-12T14:34:00Z,CUST-8883,IN,2456.13,INR,PAID
ORD-100592,2025-01-12T14:34:40Z,CUST-2997,GB,210.29,GBP,PAID
ORD-100593,2025-01-12T14:35:20Z,CUST-8145,IN,1439.57,INR,PAID
ORD-100594,2025-01-12T14:36:00Z,CUST-1943,GB,89.41,GBP,PAID
ORD-100595,2025-01-12T14:36:40Z,CUST-1368,DE,318.59,EUR,PAID
ORD-100596,2025-01-12T14:37:20Z,CUST-7548,DE,307.63,EUR,PAID
ORD-100597,2025-01-12T14:38:00Z,CUST-3530,DE,189.45,EUR,PAID
ORD-100598,2025-01-12T14:38:40Z,CUST-3079,US,249.81,USD,PAID
ORD-100599,2025-01-12T14:39:20Z,CUST-5114,IN,495.81,INR,PAID
ORD-100600,2025-01-12T14:40:00Z,CUST-3793,AU,340.53,AUD,PAID
ORD-100601,2025-01-12T14:40:40Z,CUST-6552,AU,55.51,AUD,CREATED
ORD-100602,2025-01-12T14:41:20Z,CUST-1852,US,190.42,USD,CREATED
ORD-100603,2025-01-12T14:42:00Z,CUST-3363,CA,28.21,CAD,PAID
ORD-100604,2025-01-12T14:42:40Z,CUST-3152,GB,331.43,GBP,PAID
ORD-100605,2025-01-12T14:43:20Z,CUST-9659,DE,170.47,EUR,PAID
ORD-100606,2025-01-12T14:44:00Z,CUST-1309,US,129.5,USD,CREATED
ORD-100607,2025-01-12T14:44:40Z,CUST-1722,IN,3686.37,INR,PAID
ORD-100608,2025-01-12T14:45:20Z,CUST-9592,DE,350.91,EUR,PAID
ORD-100609,2025-01-12T14:46:00Z,CUST-3569,GB,297.35,GBP,CREATED
ORD-100610,2025-01-12T14:46:40Z,CUST-2541,IN,580.69,INR,PAID
ORD-100611,2025-01-12T14:47:20Z,CUST-3995,US,64.96,USD,PAID
ORD-100612,2025-01-12T14:48:00Z,CUST-4467,CA,234.89,CAD,PAID
ORD-100613,2025-01-12T14:48:40Z,CUST-3542,CA,35.08,CAD,PAID
ORD-100614,2025-01-12T14:49:20Z,CUST-9151,IN,2563.21,INR,CANCELLED
ORD-100615,2025-01-12T14:50:00Z,CUST-6013,CA,119.94,CAD,PAID
ORD-100616,2025-01-12T14:50:40Z,CUST-8150,CA,23.59,CAD,PAID
ORD-100617,2025-01-12T14:51:20Z,CUST-4708,CA,149.46,CAD,PAID
ORD-100618,2025-01-12T14:52:00Z,CUST-3854,US,285.68,USD,CREATED
ORD-100619,2025-01-12T14:52:40Z,CUST-2152,CA,323.91,CAD,CANCELLED
ORD-100620,2025-01-12T14:53:20Z,CUST-8205,GB,145.71,GBP,CREATED
ORD-100621,2025-01-12T14:54:00Z,CUST-5356,DE,75.18,EUR,PAID
ORD-100622,2025-01-12T14:54:40Z,CUST-8000,IN,3783.29,INR,PAID
ORD-100623,2025-01-12T14:55:20Z,CUST-5824,GB,301.63,GBP,PAID
ORD-100624,2025-01-12T14:56:00Z,CUST-3636,IN,3595.73,INR,CREATED
ORD-100625,2025-01-12T14:56:40Z,CUST-3150,AU,51.44,AUD,PAID
ORD-100626,2025-01-12T14:57:20Z,CUST-8066,AU,252.49,AUD,PAID
ORD-100627,2025-01-12T14:58:00Z,CUST-1925,GB,137.9,GBP,PAID
ORD-100628,2025-01-12T14:58:40Z,CUST-4531,CA,109.31,CAD,CREATED
ORD-100629,2025-01-12T14:59:20Z,CUST-8283,US,353.7,USD,PAID
ORD-100630,2025-01-12T15:00:00Z,CUST-1724,AU,251.15,AUD,PAID
ORD-100631,2025-01-12T15:00:40Z,CUST-9942,DE,34.89,EUR,PAID
ORD-100632,2025-01-12T15:01:20Z,CUST-2162,AU,315.14,AUD,PAID
ORD-100633,2025-01-12T15:02:00Z,CUST-8762,GB,296.03,GBP,CREATED
ORD-100634,2025-01-12T15:02:40Z,CUST-5060,IN,1338.74,INR,PAID
ORD-100635,2025-01-12T15:03:20Z,CUST-8187,GB,291.05,GBP,CREATED
ORD-100636,2025-01-12T15:04:00Z,CUST-6062,US,175.41,USD,CANCELLED
ORD-100637,2025-01-12T15:04:40Z,CUST-4457,IN,3821.56,INR,PAID
ORD-100638,2025-01-12T15:05:20Z,CUST-6736,AU,210.25,AUD,PAID
ORD-100639,2025-01-12T15:06:00Z,CUST-3064,CA,342.6,CAD,PAID
ORD-100640,2025-01-12T15:06:40Z,CUST-1817,GB,381.6,GBP,CREATED
ORD-100641,2025-01-12T15:07:20Z,CUST-8829,IN,772.85,INR,PAID
ORD-100642,2025-01-12T15:08:00Z,CUST-3562,IN,3749.6,INR,PAID
ORD-100643,2025-01-12T15:08:40Z,CUST-2825,US,139.1,USD,PAID
ORD-100644,2025-01-12T15:09:20Z,CUST-1003,AU,61.26,AUD,CANCELLED
ORD-100645,2025-01-12T15:10:00Z,CUST-6887,AU,157.42,AUD,PAID
ORD-100646,2025-01-12T15:10:40Z,CUST-1291,GB,241.32,GBP,PAID
ORD-100647,2025-01-12T15:11:20Z,CUST-2172,IN,3316.85,INR,CREATED
ORD-100648,2025-01-12T15:12:00Z,CUST-4438,US,223.59,USD,CREATED
ORD-100649,2025-01-12T15:12:40Z,CUST-7176,DE,222.53,EUR,PAID
ORD-100650,2025-01-12T15:13:20Z,CUST-8228,US,137.94,USD,PAID
ORD-100651,2025-01-12T15:14:00Z,CUST-5285,AU,108.41,AUD,CANCELLED
ORD-100652,2025-01-12T15:14:40Z,CUST-5543,GB,284.51,GBP,PAID
ORD-100653,2025-01-12T15:15:20Z,CUST-4241,AU,299.43,AUD,CREATED
ORD-100654,2025-01-12T15:16:00Z,CUST-9657,AU,294.69,AUD,PAID
ORD-100655,2025-01-12T15:16:40Z,CUST-1008,AU,82.05,AUD,CREATED
ORD-100656,2025-01-12T15:17:20Z,CUST-7020,GB,200.42,GBP,CREATED
ORD-100657,2025-01-12T15:18:00Z,CUST-6769,IN,775.81,INR,PAID
ORD-100658,2025-01-12T15:18:40Z,CUST-9074,US,188.92,USD,PAID
ORD-100659,2025-01-12T15:19:20Z,CUST-9209,DE,261.61,EUR,PAID
ORD-100660,2025-01-12T15:20:00Z,CUST-6209,CA,374.08,CAD,PAID
ORD-100661,2025-01-12T15:20:40Z,CUST-9999,DE,268.41,EUR,PAID
ORD-100662,2025-01-12T15:21:20Z,CUST-1602,DE,307.68,EUR,CANCELLED
ORD-100663,2025-01-12T15:22:00Z,CUST-7683,GB,15.89,GBP,CREATED
ORD-100664,2025-01-12T15:22:40Z,CUST-7284,US,191.87,USD,PAID
ORD-100665,2025-01-12T15:23:20Z,CUST-2319,US,119.3,USD,PAID
ORD-100666,2025-01-12T15:24:00Z,CUST-3589,DE,392.64,EUR,PAID
ORD-100667,2025-01-12T15:24:40Z,CUST-2384,IN,3664.23,INR,CANCELLED
ORD-100668,2025-01-12T15:25:20Z,CUST-7017,DE,288.5,EUR,CREATED
ORD-100669,2025-01-12T15:26:00Z,CUST-8964,US,398.16,USD,CREATED
ORD-100670,2025-01-12T15:26:40Z,CUST-8445,AU,36.83,AUD,CREATED
ORD-100671,2025-01-12T15:27:20Z,CUST-6326,CA,72.24,CAD,PAID
ORD-100672,2025-01-12T15:28:00Z,CUST-1510,US,38.33,USD,PAID
ORD-100673,2025-01-12T15:28:40Z,CUST-5465,DE,78.73,EUR,PAID
ORD-100674,2025-01-12T15:29:20Z,CUST-9199,AU,211.01,AUD,CREATED
ORD-100675,2025-01-12T15:30:00Z,CUST-6953,US,174.16,USD,CANCELLED
ORD-100676,2025-01-12T15:30:40Z,CUST-8419,GB,258.77,GBP,CREATED
ORD-100677,2025-01-12T15:31:20Z,CUST-3485,IN,1003.48,INR,PAID
ORD-100678,2025-01-12T15:32:00Z,CUST-6129,IN,2684.93,INR,PAID
ORD-100679,2025-01-12T15:32:40Z,CUST-2987,IN,1781.12,INR,PAID
ORD-100680,2025-01-12T15:33:20Z,CUST-6851,AU,336.4,AUD,PAID
ORD-100681,2025-01-12T15:34:00Z,CUST-6908,US,380.47,USD,PAID
ORD-100682,2025-01-12T15:34:40Z,CUST-1371,CA,321.07,CAD,PAID
ORD-100683,2025-01-12T15:35:20Z,CUST-7355,GB,286.22,GBP,PAID
ORD-100684,2025-01-12T15:36:00Z,CUST-4187,IN,3535.76,INR,PAID
ORD-100685,2025-01-12T15:36:40Z,CUST-3067,AU,27.34,AUD,PAID
ORD-100686,2025-01-12T15:37:20Z,CUST-4122,AU,336.82,AUD,CREATED
ORD-100687,2025-01-12T15:38:00Z,CUST-7452,GB,145.71,GBP,PAID
ORD-100688,2025-01-12T15:38:40Z,CUST-2191,DE,149.78,EUR,PAID
ORD-100689,2025-01-12T15:39:20Z,CUST-9684,US,199.04,USD,PAID
ORD-100690,2025-01-12T15:40:00Z,CUST-9870,AU,109.01,AUD,PAID
ORD-100691,2025-01-12T15:40:40Z,CUST-1840,GB,383.16,GBP,PAID
ORD-100692,2025-01-12T15:41:20Z,CUST-2770,IN,3631.36,INR,CANCELLED
ORD-100693,2025-01-12T15:42:00Z,CUST-6456,AU,398.75,AUD,PAID
ORD-100694,2025-01-12T15:42:40Z,CUST-6622,US,176.86,USD,PAID
ORD-100695,2025-01-12T15:43:20Z,CUST-2853,GB,102.51,GBP,PAID
ORD-100696,2025-01-12T15:44:00Z,CUST-7495,US,229.19,USD,PAID
ORD-100697,2025-01-12T15:44:40Z,CUST-2746,IN,2629.12,INR,PAID
ORD-100698,2025-01-12T15:45:20Z,CUST-8916,AU,253.85,AUD,PAID
ORD-100699,2025-01-12T15:46:00Z,CUST-7163,IN,2712.88,INR,PAID
ORD-100700,2025-01-12T15:46:40Z,CUST-7711,DE,135.88,EUR,PAID
ORD-100701,2025-01-12T15:47:20Z,CUST-2155,AU,44.67,AUD,PAID
ORD-100702,2025-01-12T15:48:00Z,CUST-3236,US,337.63,USD,PAID
ORD-100703,2025-01-12T15:48:40Z,CUST-9200,DE,293.87,EUR,PAID
ORD-100704,2025-01-12T15:49:20Z,CUST-7006,DE,382.03,EUR,CREATED
ORD-100705,2025-01-12T15:50:00Z,CUST-7907,AU,23.79,AUD,CREATED
ORD-100706,2025-01-12T15:50:40Z,CUST-3755,AU,304.05,AUD,CREATED
ORD-100707,2025-01-12T15:51:20Z,CUST-3664,DE,263.67,EUR,PAID
ORD-100708,2025-01-12T15:52:00Z,CUST-6093,US,272.48,USD,PAID
ORD-100709,2025-01-12T15:52:40Z,CUST-5918,DE,334.47,EUR,PAID
ORD-100710,2025-01-12T15:53:20Z,CUST-6786,AU,260.2,AUD,PAID
ORD-100711,2025-01-12T15:54:00Z,CUST-6318,IN,2148.58,INR,CREATED
ORD-100712,2025-01-12T15:54:40Z,CUST-3492,AU,285.16,AUD,PAID
ORD-100713,2025-01-12T15:55:20Z,CUST-3398,CA,111.72,CAD,PAID
ORD-100714,2025-01-12T15:56:00Z,CUST-4148,CA,173.31,CAD,PAID
ORD-100715,2025-01-12T15:56:40Z,CUST-7310,IN,948.66,INR,PAID
ORD-100716,2025-01-12T15:57:20Z,CUST-3249,US,86.86,USD,PAID
ORD-100717,2025-01-12T15:58:00Z,CUST-3737,IN,2026.15,INR,PAID
ORD-100718,2025-01-12T15:58:40Z,CUST-7483,DE,37.0,EUR,PAID
ORD-100719,2025-01-12T15:59:20Z,CUST-4083,DE,391.26,EUR,PAID
ORD-100720,2025-01-12T16:00:00Z,CUST-4463,GB,329.5,GBP,PAID
ORD-100721,2025-01-12T16:00:40Z,CUST-7212,AU,335.13,AUD,PAID
ORD-100722,2025-01-12T16:01:20Z,CUST-9894,DE,213.28,EUR,CANCELLED
ORD-100723,2025-01-12T16:02:00Z,CUST-8663,US,139.56,USD,PAID
ORD-100724,2025-01-12T16:02:40Z,CUST-8745,AU,184.25,AUD,PAID
ORD-100725,2025-01-12T16:03:20Z,CUST-9039,IN,2913.85,INR,PAID
ORD-100726,2025-01-12T16:04:00Z,CUST-5648,AU,20.6,AUD,CREATED
ORD-100727,2025-01-12T16:04:40Z,CUST-9642,US,274.52,USD,PAID
ORD-100728,2025-01-12T16:05:20Z,CUST-1911,IN,2586.22,INR,PAID
ORD-100729,2025-01-12T16:06:00Z,CUST-4861,CA,197.42,CAD,PAID
ORD-100730,2025-01-12T16:06:40Z,CUST-8931,GB,304.23,GBP,PAID
ORD-100731,2025-01-12T16:07:20Z,CUST-5518,AU,330.04,AUD,PAID
ORD-100732,2025-01-12T16:08:00Z,CUST-6682,US,135.51,USD,PAID
ORD-100733,2025-01-12T16:08:40Z,CUST-8829,US,76.31,USD,PAID
ORD-100734,2025-01-12T16:09:20Z,CUST-9341,GB,360.23,GBP,CANCELLED
ORD-100735,2025-01-12T16:10:00Z,CUST-1183,IN,3915.05,INR,CREATED
ORD-100736,2025-01-12T16:10:40Z,CUST-9731,GB,210.56,GBP,PAID
ORD-100737,2025-01-12T16:11:20Z,CUST-2977,AU,295.32,AUD,PAID
ORD-100738,2025-01-12T16:12:00Z,CUST-8185,AU,298.46,AUD,PAID
ORD-100739,2025-01-12T16:12:40Z,CUST-7092,IN,2882.14,INR,PAID
ORD-100740,2025-01-12T16:13:20Z,CUST-9446,US,261.61,USD,PAID
ORD-100741,2025-01-12T16:14:00Z,CUST-5472,US,22.88,USD,PAID
ORD-100742,2025-01-12T16:14:40Z,CUST-2109,CA,233.88,CAD,PAID
ORD-100743,2025-01-12T16:15:20Z,CUST-4823,CA,221.19,CAD,CANCELLED
ORD-100744,2025-01-12T16:16:00Z,CUST-3162,GB,31.59,GBP,PAID
ORD-100745,2025-01-12T16:16:40Z,CUST-1804,US,105.45,USD,PAID
ORD-100746,2025-01-12T16:17:20Z,CUST-9910,CA,356.58,CAD,PAID
ORD-100747,2025-01-12T16:18:00Z,CUST-3529,DE,222.61,EUR,CANCELLED
ORD-100748,2025-01-12T16:18:40Z,CUST-4730,US,262.65,USD,PAID
ORD-100749,2025-01-12T16:19:20Z,CUST-3403,US,238.55,USD,PAID
ORD-100750,2025-01-12T16:20:00Z,CUST-2397,CA,344.83,CAD,PAID
ORD-100751,2025-01-12T16:20:40Z,CUST-8645,GB,120.62,GBP,CANCELLED
ORD-100752,2025-01-12T16:21:20Z,CUST-3587,GB,317.14,GBP,PAID
ORD-100753,2025-01-12T16:22:00Z,CUST-2924,US,200.93,USD,PAID
ORD-100754,2025-01-12T16:22:40Z,CUST-7296,CA,354.68,CAD,PAID
ORD-100755,2025-01-12T16:23:20Z,CUST-3247,GB,288.43,GBP,PAID
ORD-100756,2025-01-12T16:24:00Z,CUST-2203,DE,233.72,EUR,PAID
ORD-100757,2025-01-12T16:24:40Z,CUST-1518,DE,371.01,EUR,PAID
ORD-100758,2025-01-12T16:25:20Z,CUST-8079,IN,2627.72,INR,CREATED
ORD-100759,2025-01-12T16:26:00Z,CUST-6434,AU,49.95,AUD,PAID
ORD-100760,2025-01-12T16:26:40Z,CUST-5260,GB,19.86,GBP,PAID
ORD-100761,2025-01-12T16:27:20Z,CUST-3423,DE,124.52,EUR,PAID
ORD-100762,2025-01-12T16:28:00Z,CUST-9148,GB,35.43,GBP,PAID
ORD-100763,2025-01-12T16:28:40Z,CUST-5961,US,33.65,USD,PAID
ORD-100764,2025-01-12T16:29:20Z,CUST-2116,US,305.68,USD,PAID
ORD-100765,2025-01-12T16:30:00Z,CUST-1534,GB,14.41,GBP,PAID
ORD-100766,2025-01-12T16:30:40Z,CUST-8737,GB,91.77,GBP,PAID
ORD-100767,2025-01-12T16:31:20Z,CUST-5343,CA,247.0,CAD,CANCELLED
ORD-100768,2025-01-12T16:32:00Z,CUST-2751,AU,302.99,AUD,PAID
ORD-100769,2025-01-12T16:32:40Z,CUST-3580,US,95.17,USD,PAID
ORD-100770,2025-01-12T16:33:20Z,CUST-3259,AU,87.25,AUD,PAID
ORD-100771,2025-01-12T16:34:00Z,CUST-8565,DE,297.01,EUR,CREATED
ORD-100772,2025-01-12T16:34:40Z,CUST-2186,IN,3572.43,INR,PAID
ORD-100773,2025-01-12T16:35:20Z,CUST-5220,AU,185.14,AUD,CANCELLED
ORD-100774,2025-01-12T16:36:00Z,CUST-2763,US,387.21,USD,PAID
ORD-100775,2025-01-12T16:36:40Z,CUST-5298,GB,284.75,GBP,PAID
ORD-100776,2025-01-12T16:37:20Z,CUST-8535,IN,1627.17,INR,CREATED
ORD-100777,2025-01-12T16:38:00Z,CUST-8139,AU,363.18,AUD,CANCELLED
ORD-100778,2025-01-12T16:38:40Z,CUST-6666,GB,216.93,GBP,PAID
ORD-100779,2025-01-12T16:39:20Z,CUST-1873,GB,77.84,GBP,PAID
ORD-100780,2025-01-12T16:40:00Z,CUST-7533,IN,2317.56,INR,PAID
ORD-100781,2025-01-12T16:40:40Z,CUST-8760,AU,202.31,AUD,PAID
ORD-100782,2025-01-12T16:41:20Z,CUST-3536,IN,1123.92,INR,PAID
ORD-100783,2025-01-12T16:42:00Z,CUST-9170,GB,108.92,GBP,PAID
ORD-100784,2025-01-12T16:42:40Z,CUST-4375,US,60.15,USD,PAID
ORD-100785,2025-01-12T16:43:20Z,CUST-1192,GB,101.97,GBP,PAID
ORD-100786,2025-01-12T16:44:00Z,CUST-3012,IN,3338.92,INR,PAID
ORD-100787,2025-01-12T16:44:40Z,CUST-7602,GB,374.44,GBP,PAID
ORD-100788,2025-01-12T16:45:20Z,CUST-2073,AU,163.6,AUD,PAID
ORD-100789,2025-01-12T16:46:00Z,CUST-1923,CA,299.32,CAD,PAID
ORD-100790,2025-01-12T16:46:40Z,CUST-1424,DE,291.58,EUR,PAID
ORD-100791,2025-01-12T16:47:20Z,CUST-1480,AU,187.05,AUD,CANCELLED
ORD-100792,2025-01-12T16:48:00Z,CUST-1521,IN,3588.93,INR,PAID
ORD-100793,2025-01-12T16:48:40Z,CUST-9225,DE,66.63,EUR,PAID
ORD-100794,2025-01-12T16:49:20Z,CUST-4742,CA,108.16,CAD,CREATED
ORD-100795,2025-01-12T16:50:00Z,CUST-7622,DE,323.13,EUR,CREATED
ORD-100796,2025-01-12T16:50:40Z,CUST-7843,IN,1541.2,INR,PAID
ORD-100797,2025-01-12T16:51:20Z,CUST-1271,DE,217.14,EUR,PAID
ORD-100798,2025-01-12T16:52:00Z,CUST-5448,US,103.64,USD,PAID
ORD-100799,2025-01-12T16:52:40Z,CUST-3908,AU,122.6,AUD,CREATED
ORD-100800,2025-01-12T16:53:20Z,CUST-4497,DE,119.17,EUR,PAID
ORD-100801,2025-01-12T16:54:00Z,CUST-6700,US,326.62,USD,PAID
ORD-100802,2025-01-12T16:54:40Z,CUST-1044,IN,1191.4,INR,CREATED
ORD-100803,2025-01-12T16:55:20Z,CUST-8745,DE,144.87,EUR,PAID
ORD-100804,2025-01-12T16:56:00Z,CUST-3351,AU,316.42,AUD,PAID
ORD-100805,2025-01-12T16:56:40Z,CUST-4165,DE,206.66,EUR,PAID
ORD-100806,2025-01-12T16:57:20Z,CUST-9289,IN,3490.77,INR,CREATED
ORD-100807,2025-01-12T16:58:00Z,CUST-5747,GB,189.98,GBP,CREATED
ORD-100808,2025-01-12T16:58:40Z,CUST-2953,CA,233.71,CAD,CREATED
ORD-100809,2025-01-12T16:59:20Z,CUST-1995,IN,855.19,INR,CREATED
ORD-100810,2025-01-12T17:00:00Z,CUST-7733,DE,337.67,EUR,PAID
ORD-100811,2025-01-12T17:00:40Z,CUST-8341,DE,41.25,EUR,PAID
ORD-100812,2025-01-12T17:01:20Z,CUST-1106,US,362.5,USD,PAID
ORD-100813,2025-01-12T17:02:00Z,CUST-2316,GB,131.4,GBP,CANCELLED
ORD-100814,2025-01-12T17:02:40Z,CUST-8513,US,35.2,USD,PAID
ORD-100815,2025-01-12T17:03:20Z,CUST-6091,DE,84.22,EUR,PAID
ORD-100816,2025-01-12T17:04:00Z,CUST-9480,IN,1237.81,INR,CREATED
ORD-100817,2025-01-12T17:04:40Z,CUST-2965,IN,2403.85,INR,PAID
ORD-100818,2025-01-12T17:05:20Z,CUST-6100,IN,3961.06,INR,PAID
ORD-100819,2025-01-12T17:06:00Z,CUST-7452,GB,169.4,GBP,PAID
ORD-100820,2025-01-12T17:06:40Z,CUST-6028,DE,346.39,EUR,PAID
ORD-100821,2025-01-12T17:07:20Z,CUST-2938,US,334.13,USD,CANCELLED
ORD-100822,2025-01-12T17:08:00Z,CUST-1837,CA,317.33,CAD,PAID
ORD-100823,2025-01-12T17:08:40Z,CUST-3349,DE,117.92,EUR,PAID
ORD-100824,2025-01-12T17:09:20Z,CUST-7178,DE,355.87,EUR,PAID
ORD-100825,2025-01-12T17:10:00Z,CUST-7986,CA,292.78,CAD,PAID
ORD-100826,2025-01-12T17:10:40Z,CUST-6717,DE,204.92,EUR,PAID
ORD-100827,2025-01-12T17:11:20Z,CUST-5615,DE,108.35,EUR,CANCELLED
ORD-100828,2025-01-12T17:12:00Z,CUST-8424,DE,28.94,EUR,PAID
ORD-100829,2025-01-12T17:12:40Z,CUST-5881,CA,218.97,CAD,PAID
ORD-100830,2025-01-12T17:13:20Z,CUST-3482,IN,3999.97,INR,PAID
ORD-100831,2025-01-12T17:14:00Z,CUST-3663,CA,367.49,CAD,CANCELLED
ORD-100832,2025-01-12T17:14:40Z,CUST-8391,DE,344.53,EUR,CREATED
ORD-100833,2025-01-12T17:15:20Z,CUST-5597,US,81.28,USD,PAID
ORD-100834,2025-01-12T17:16:00Z,CUST-3644,DE,132.22,EUR,CREATED
ORD-100835,2025-01-12T17:16:40Z,CUST-6458,IN,3021.53,INR,PAID
ORD-100836,2025-01-12T17:17:20Z,CUST-9639,US,325.32,USD,PAID
ORD-100837,2025-01-12T17:18:00Z,CUST-2598,DE,366.72,EUR,PAID
ORD-100838,2025-01-12T17:18:40Z,CUST-8238,IN,1586.78,INR,PAID
ORD-100839,2025-01-12T17:19:20Z,CUST-1412,DE,31.41,EUR,PAID
ORD-100840,2025-01-12T17:20:00Z,CUST-1408,US,373.3,USD,CREATED
ORD-100841,2025-01-12T17:20:40Z,CUST-7926,DE,210.0,EUR,CREATED
ORD-100842,2025-01-12T17:21:20Z,CUST-2195,DE,241.79,EUR,PAID
ORD-100843,2025-01-12T17:22:00Z,CUST-2544,IN,2662.73,INR,PAID
ORD-100844,2025-01-12T17:22:40Z,CUST-3157,US,327.23,USD,PAID
ORD-100845,2025-01-12T17:23:20Z,CUST-7269,AU,101.52,AUD,PAID
ORD-100846,2025-01-12T17:24:00Z,CUST-8071,DE,259.04,EUR,PAID
ORD-100847,2025-01-12T17:24:40Z,CUST-9875,US,142.59,USD,CREATED
ORD-100848,2025-01-12T17:25:20Z,CUST-6915,GB,246.52,GBP,CREATED
ORD-100849,2025-01-12T17:26:00Z,CUST-7511,CA,342.67,CAD,PAID
ORD-100850,2025-01-12T17:26:40Z,CUST-3298,CA,397.13,CAD,CREATED
ORD-100851,2025-01-12T17:27:20Z,CUST-6107,US,396.85,USD,PAID
ORD-100852,2025-01-12T17:28:00Z,CUST-5157,GB,225.48,GBP,CREATED
ORD-100853,2025-01-12T17:28:40Z,CUST-5586,CA,323.6,CAD,CREATED
ORD-100854,2025-01-12T17:29:20Z,CUST-5406,DE,297.51,EUR,PAID
ORD-100855,2025-01-12T17:30:00Z,CUST-8685,IN,1985.75,INR,CREATED
ORD-100856,2025-01-12T17:30:40Z,CUST-6635,AU,13.61,AUD,PAID
ORD-100857,2025-01-12T17:31:20Z,CUST-4124,CA,45.44,CAD,CREATED
ORD-100858,2025-01-12T17:32:00Z,CUST-9296,GB,24.01,GBP,CREATED
ORD-100859,2025-01-12T17:32:40Z,CUST-6376,AU,254.95,AUD,PAID
ORD-100860,2025-01-12T17:33:20Z,CUST-5956,IN,2234.84,INR,PAID
ORD-100861,2025-01-12T17:34:00Z,CUST-8616,US,344.61,USD,PAID
ORD-100862,2025-01-12T17:34:40Z,CUST-4835,IN,982.47,INR,PAID
ORD-100863,2025-01-12T17:35:20Z,CUST-6361,GB,335.64,GBP,PAID
ORD-100864,2025-01-12T17:36:00Z,CUST-2996,GB,83.86,GBP,PAID
ORD-100865,2025-01-12T17:36:40Z,CUST-4888,DE,361.09,EUR,PAID
ORD-100866,2025-01-12T17:37:20Z,CUST-3146,IN,2584.99,INR,PAID
ORD-100867,2025-01-12T17:38:00Z,CUST-9642,DE,96.8,EUR,PAID
ORD-100868,2025-01-12T17:38:40Z,CUST-2872,DE,169.03,EUR,CREATED
ORD-100869,2025-01-12T17:39:20Z,CUST-9847,GB,163.68,GBP,CREATED
ORD-100870,2025-01-12T17:40:00Z,CUST-2917,IN,2684.94,INR,PAID
ORD-100871,2025-01-12T17:40:40Z,CUST-6933,AU,197.6,AUD,PAID
ORD-100872,2025-01-12T17:41:20Z,CUST-3461,IN,447.04,INR,PAID
ORD-100873,2025-01-12T17:42:00Z,CUST-5178,GB,121.7,GBP,CREATED
ORD-100874,2025-01-12T17:42:40Z,CUST-4271,DE,372.57,EUR,PAID
ORD-100875,2025-01-12T17:43:20Z,CUST-7526,AU,314.71,AUD,PAID
ORD-100876,2025-01-12T17:44:00Z,CUST-6340,US,326.06,USD,CREATED
ORD-100877,2025-01-12T17:44:40Z,CUST-3841,DE,311.85,EUR,PAID
ORD-100878,2025-01-12T17:45:20Z,CUST-3246,DE,197.45,EUR,CANCELLED
ORD-100879,2025-01-12T17:46:00Z,CUST-5541,CA,268.1,CAD,PAID
ORD-100880,2025-01-12T17:46:40Z,CUST-1656,AU,66.63,AUD,CREATED
ORD-100881,2025-01-12T17:47:20Z,CUST-1895,US,370.62,USD,PAID
ORD-100882,2025-01-12T17:48:00Z,CUST-8466,CA,40.0,CAD,CREATED
ORD-100883,2025-01-12T17:48:40Z,CUST-2150,DE,128.62,EUR,CREATED
ORD-100884,2025-01-12T17:49:20Z,CUST-7543,AU,229.31,AUD,PAID
ORD-100885,2025-01-12T17:50:00Z,CUST-6534,CA,261.59,CAD,PAID
ORD-100886,2025-01-12T17:50:40Z,CUST-6197,CA,242.36,CAD,PAID
ORD-100887,2025-01-12T17:51:20Z,CUST-9938,CA,348.19,CAD,CANCELLED
ORD-100888,2025-01-12T17:52:00Z,CUST-5949,GB,379.09,GBP,PAID
ORD-100889,2025-01-12T17:52:40Z,CUST-7275,IN,1081.25,INR,PAID
ORD-100890,2025-01-12T17:53:20Z,CUST-8138,IN,2681.34,INR,PAID
ORD-100891,2025-01-12T17:54:00Z,CUST-1796,DE,195.94,EUR,CANCELLED
ORD-100892,2025-01-12T17:54:40Z,CUST-7298,AU,322.12,AUD,PAID
ORD-100893,2025-01-12T17:55:20Z,CUST-5729,DE,177.12,EUR,PAID
ORD-100894,2025-01-12T17:56:00Z,CUST-9186,GB,125.13,GBP,PAID
ORD-100895,2025-01-12T17:56:40Z,CUST-4201,CA,306.06,CAD,PAID
ORD-100896,2025-01-12T17:57:20Z,CUST-9843,DE,145.71,EUR,CREATED
ORD-100897,2025-01-12T17:58:00Z,CUST-4068,GB,79.06,GBP,CREATED
ORD-100898,2025-01-12T17:58:40Z,CUST-1487,US,300.83,USD,CREATED
ORD-100899,2025-01-12T17:59:20Z,CUST-2860,DE,275.7,EUR,PAID
ORD-100900,2025-01-12T18:00:00Z,CUST-3088,DE,100.58,EUR,CANCELLED
ORD-100901,2025-01-12T18:00:40Z,CUST-1784,IN,3449.24,INR,CREATED
ORD-100902,2025-01-12T18:01:20Z,CUST-4991,US,328.21,USD,PAID
ORD-100903,2025-01-12T18:02:00Z,CUST-8195,IN,1458.6,INR,PAID
ORD-100904,2025-01-12T18:02:40Z,CUST-5659,DE,69.97,EUR,PAID
ORD-100905,2025-01-12T18:03:20Z,CUST-8769,US,46.15,USD,PAID
ORD-100906,2025-01-12T18:04:00Z,CUST-6424,GB,70.41,GBP,PAID
ORD-100907,2025-01-12T18:04:40Z,CUST-8220,AU,123.68,AUD,PAID
ORD-100908,2025-01-12T18:05:20Z,CUST-2195,IN,3833.35,INR,PAID
ORD-100909,2025-01-12T18:06:00Z,CUST-7966,GB,220.83,GBP,PAID
ORD-100910,2025-01-12T18:06:40Z,CUST-3715,AU,163.84,AUD,CREATED
ORD-100911,2025-01-12T18:07:20Z,CUST-3634,AU,159.33,AUD,PAID
ORD-100912,2025-01-12T18:08:00Z,CUST-6840,AU,110.71,AUD,PAID
ORD-100913,2025-01-12T18:08:40Z,CUST-8951,US,266.04,USD,PAID
ORD-100914,2025-01-12T18:09:20Z,CUST-8689,GB,141.57,GBP,PAID
ORD-100915,2025-01-12T18:10:00Z,CUST-9263,DE,57.76,EUR,PAID
ORD-100916,2025-01-12T18:10:40Z,CUST-2948,CA,104.57,CAD,CREATED
ORD-100917,2025-01-12T18:11:20Z,CUST-1097,DE,391.79,EUR,CANCELLED
ORD-100918,2025-01-12T18:12:00Z,CUST-4755,AU,48.19,AUD,CANCELLED
ORD-100919,2025-01-12T18:12:40Z,CUST-3535,DE,226.61,EUR,PAID
ORD-100920,2025-01-12T18:13:20Z,CUST-8427,GB,140.51,GBP,CANCELLED
ORD-100921,2025-01-12T18:14:00Z,CUST-4944,AU,337.35,AUD,PAID
ORD-100922,2025-01-12T18:14:40Z,CUST-2844,AU,210.65,AUD,PAID
ORD-100923,2025-01-12T18:15:20Z,CUST-1920,CA,176.73,CAD,CREATED
ORD-100924,2025-01-12T18:16:00Z,CUST-7325,AU,44.35,AUD,CREATED
ORD-100925,2025-01-12T18:16:40Z,CUST-4363,GB,280.39,GBP,PAID
ORD-100926,2025-01-12T18:17:20Z,CUST-3037,IN,1199.74,INR,CREATED
ORD-100927,2025-01-12T18:18:00Z,CUST-4049,DE,280.16,EUR,PAID
ORD-100928,2025-01-12T18:18:40Z,CUST-9320,IN,1014.09,INR,PAID
ORD-100929,2025-01-12T18:19:20Z,CUST-9258,AU,339.56,AUD,PAID
ORD-100930,2025-01-12T18:20:00Z,CUST-8351,DE,239.52,EUR,PAID
ORD-100931,2025-01-12T18:20:40Z,CUST-7687,GB,386.16,GBP,PAID
ORD-100932,2025-01-12T18:21:20Z,CUST-7707,AU,229.71,AUD,CREATED
ORD-100933,2025-01-12T18:22:00Z,CUST-5662,DE,89.64,EUR,PAID
ORD-100934,2025-01-12T18:22:40Z,CUST-2279,GB,336.17,GBP,CANCELLED
ORD-100935,2025-01-12T18:23:20Z,CUST-3012,AU,28.05,AUD,PAID
ORD-100936,2025-01-12T18:24:00Z,CUST-6765,US,384.56,USD,PAID
ORD-100937,2025-01-12T18:24:40Z,CUST-1040,GB,177.92,GBP,CREATED
ORD-100938,2025-01-12T18:25:20Z,CUST-1801,GB,390.97,GBP,CREATED
ORD-100939,2025-01-12T18:26:00Z,CUST-4168,DE,262.68,EUR,CREATED
ORD-100940,2025-01-12T18:26:40Z,CUST-2700,GB,146.03,GBP,PAID
ORD-100941,2025-01-12T18:27:20Z,CUST-2566,US,363.64,USD,PAID
ORD-100942,2025-01-12T18:28:00Z,CUST-7300,GB,79.66,GBP,PAID
ORD-100943,2025-01-12T18:28:40Z,CUST-2465,AU,125.17,AUD,CREATED
ORD-100944,2025-01-12T18:29:20Z,CUST-2659,US,356.0,USD,CREATED
ORD-100945,2025-01-12T18:30:00Z,CUST-8150,DE,359.39,EUR,PAID
ORD-100946,2025-01-12T18:30:40Z,CUST-2854,IN,1114.21,INR,PAID
ORD-100947,2025-01-12T18:31:20Z,CUST-7549,CA,290.68,CAD,PAID
ORD-100948,2025-01-12T18:32:00Z,CUST-7597,AU,398.33,AUD,PAID
ORD-100949,2025-01-12T18:32:40Z,CUST-2460,GB,196.19,GBP,PAID
ORD-100950,2025-01-12T18:33:20Z,CUST-8873,AU,152.89,AUD,PAID
ORD-100951,2025-01-12T18:34:00Z,CUST-3739,CA,155.43,CAD,PAID
ORD-100952,2025-01-12T18:34:40Z,CUST-4268,CA,304.86,CAD,PAID
ORD-100953,2025-01-12T18:35:20Z,CUST-9804,GB,346.27,GBP,CREATED
ORD-100954,2025-01-12T18:36:00Z,CUST-5008,US,390.91,USD,CREATED
ORD-100955,2025-01-12T18:36:40Z,CUST-7387,GB,169.75,GBP,PAID
ORD-100956,2025-01-12T18:37:20Z,CUST-6825,DE,392.94,EUR,PAID
ORD-100957,2025-01-12T18:38:00Z,CUST-9960,IN,1316.37,INR,PAID
ORD-100958,2025-01-12T18:38:40Z,CUST-4124,DE,392.02,EUR,PAID
ORD-100959,2025-01-12T18:39:20Z,CUST-6374,GB,194.56,GBP,PAID
ORD-100960,2025-01-12T18:40:00Z,CUST-1167,DE,284.56,EUR,PAID
ORD-100961,2025-01-12T18:40:40Z,CUST-8225,IN,2656.45,INR,PAID
ORD-100962,2025-01-12T18:41:20Z,CUST-1083,CA,229.45,CAD,PAID
ORD-100963,2025-01-12T18:42:00Z,CUST-7583,AU,347.35,AUD,PAID
ORD-100964,2025-01-12T18:42:40Z,CUST-8652,US,351.67,USD,CANCELLED
ORD-100965,2025-01-12T18:43:20Z,CUST-3787,DE,11.77,EUR,PAID
ORD-100966,2025-01-12T18:44:00Z,CUST-1801,IN,1267.48,INR,PAID
ORD-100967,2025-01-12T18:44:40Z,CUST-6776,GB,256.22,GBP,PAID
ORD-100968,2025-01-12T18:45:20Z,CUST-4132,GB,131.05,GBP,PAID
ORD-100969,2025-01-12T18:46:00Z,CUST-2696,DE,303.77,EUR,PAID
ORD-100970,2025-01-12T18:46:40Z,CUST-7249,IN,1939.6,INR,PAID
ORD-100971,2025-01-12T18:47:20Z,CUST-6180,CA,112.18,CAD,CREATED
ORD-100972,2025-01-12T18:48:00Z,CUST-3345,IN,3354.0,INR,CANCELLED
ORD-100973,2025-01-12T18:48:40Z,CUST-2983,GB,157.99,GBP,PAID
ORD-100974,2025-01-12T18:49:20Z,CUST-2510,CA,162.81,CAD,PAID
ORD-100975,2025-01-12T18:50:00Z,CUST-3004,DE,322.39,EUR,PAID
ORD-100976,2025-01-12T18:50:40Z,CUST-2809,DE,246.11,EUR,PAID
ORD-100977,2025-01-12T18:51:20Z,CUST-3982,GB,208.28,GBP,CREATED
ORD-100978,2025-01-12T18:52:00Z,CUST-5690,GB,297.93,GBP,PAID
ORD-100979,2025-01-12T18:52:40Z,CUST-4000,CA,165.34,CAD,CANCELLED
ORD-100980,2025-01-12T18:53:20Z,CUST-9959,AU,102.21,AUD,CREATED
ORD-100981,2025-01-12T18:54:00Z,CUST-9491,CA,142.06,CAD,CREATED
ORD-100982,2025-01-12T18:54:40Z,CUST-1471,US,79.66,USD,PAID
ORD-100983,2025-01-12T18:55:20Z,CUST-3754,DE,175.22,EUR,PAID
ORD-100984,2025-01-12T18:56:00Z,CUST-7422,AU,243.16,AUD,PAID
ORD-100985,2025-01-12T18:56:40Z,CUST-5139,DE,244.55,EUR,PAID
ORD-100986,2025-01-12T18:57:20Z,CUST-7174,IN,2866.62,INR,PAID
ORD-100987,2025-01-12T18:58:00Z,CUST-9062,IN,1225.69,INR,PAID
ORD-100988,2025-01-12T18:58:40Z,CUST-8919,DE,10.32,EUR,PAID
ORD-100989,2025-01-12T18:59:20Z,CUST-1275,GB,227.97,GBP,CREATED
ORD-100990,2025-01-12T19:00:00Z,CUST-6904,IN,3456.97,INR,CREATED
ORD-100991,2025-01-12T19:00:40Z,CUST-6741,CA,240.14,CAD,PAID
ORD-100992,2025-01-12T19:01:20Z,CUST-7267,AU,194.88,AUD,CREATED
ORD-100993,2025-01-12T19:02:00Z,CUST-5399,DE,367.66,EUR,PAID
ORD-100994,2025-01-12T19:02:40Z,CUST-1504,CA,202.04,CAD,PAID
ORD-100995,2025-01-12T19:03:20Z,CUST-6591,US,213.64,USD,PAID
ORD-100996,2025-01-12T19:04:00Z,CUST-5151,GB,192.68,GBP,PAID
ORD-100997,2025-01-12T19:04:40Z,CUST-4841,CA,360.98,CAD,PAID
ORD-100998,2025-01-12T19:05:20Z,CUST-1674,IN,2702.07,INR,PAID
ORD-100999,2025-01-12T19:06:00Z,CUST-2195,DE,354.27,EUR,PAID
